"test","p_value","rejected","seed","dgp","n","rep_ok","error_msg","scenario_id","scenario_lbl","sweep_type","sigma_tau","rep"
"seq_rate",0.730773489110595,FALSE,1001,"null",200,TRUE,NA,1,"null","main",NA,1
"calibration",0.99999318617451,FALSE,1001,"null",200,TRUE,NA,1,"null","main",NA,1
"high_low",0.00053903582957961,TRUE,1001,"null",200,TRUE,NA,1,"null","main",NA,1
"oob_2sided",1.11231960674831e-06,TRUE,1001,"null",200,TRUE,NA,1,"null","main",NA,1
"oob_1sided",0.999999443840197,FALSE,1001,"null",200,TRUE,NA,1,"null","main",NA,1
"seq_rate",0.191022476638987,FALSE,1002,"null",200,TRUE,NA,1,"null","main",NA,2
"calibration",0.999873823581582,FALSE,1002,"null",200,TRUE,NA,1,"null","main",NA,2
"high_low",0.0013253905845607,TRUE,1002,"null",200,TRUE,NA,1,"null","main",NA,2
"oob_2sided",3.60317026313628e-05,TRUE,1002,"null",200,TRUE,NA,1,"null","main",NA,2
"oob_1sided",0.999981984148684,FALSE,1002,"null",200,TRUE,NA,1,"null","main",NA,2
"seq_rate",0.140986285501092,FALSE,1003,"null",200,TRUE,NA,1,"null","main",NA,3
"calibration",0.999999999988838,FALSE,1003,"null",200,TRUE,NA,1,"null","main",NA,3
"high_low",1.65551718796254e-06,TRUE,1003,"null",200,TRUE,NA,1,"null","main",NA,3
"oob_2sided",7.60753943818747e-08,TRUE,1003,"null",200,TRUE,NA,1,"null","main",NA,3
"oob_1sided",0.999999961962303,FALSE,1003,"null",200,TRUE,NA,1,"null","main",NA,3
"seq_rate",0.407042577665491,FALSE,1004,"null",200,TRUE,NA,1,"null","main",NA,4
"calibration",0.996649503037797,FALSE,1004,"null",200,TRUE,NA,1,"null","main",NA,4
"high_low",0.0461669184426648,TRUE,1004,"null",200,TRUE,NA,1,"null","main",NA,4
"oob_2sided",0.0355746383567996,TRUE,1004,"null",200,TRUE,NA,1,"null","main",NA,4
"oob_1sided",0.9822126808216,FALSE,1004,"null",200,TRUE,NA,1,"null","main",NA,4
"seq_rate",0.697552710810436,FALSE,1005,"null",200,TRUE,NA,1,"null","main",NA,5
"calibration",0.786475362588061,FALSE,1005,"null",200,TRUE,NA,1,"null","main",NA,5
"high_low",0.85247740091343,FALSE,1005,"null",200,TRUE,NA,1,"null","main",NA,5
"oob_2sided",0.194489520125841,FALSE,1005,"null",200,TRUE,NA,1,"null","main",NA,5
"oob_1sided",0.902755239937079,FALSE,1005,"null",200,TRUE,NA,1,"null","main",NA,5
"seq_rate",0.303222979157675,FALSE,1006,"null",200,TRUE,NA,1,"null","main",NA,6
"calibration",0.986602492467795,FALSE,1006,"null",200,TRUE,NA,1,"null","main",NA,6
"high_low",0.389883886870264,FALSE,1006,"null",200,TRUE,NA,1,"null","main",NA,6
"oob_2sided",0.0134924406397459,TRUE,1006,"null",200,TRUE,NA,1,"null","main",NA,6
"oob_1sided",0.993253779680127,FALSE,1006,"null",200,TRUE,NA,1,"null","main",NA,6
"seq_rate",0.279316135292746,FALSE,1007,"null",200,TRUE,NA,1,"null","main",NA,7
"calibration",0.999940856032217,FALSE,1007,"null",200,TRUE,NA,1,"null","main",NA,7
"high_low",0.0777289069103849,FALSE,1007,"null",200,TRUE,NA,1,"null","main",NA,7
"oob_2sided",0.000455935491355705,TRUE,1007,"null",200,TRUE,NA,1,"null","main",NA,7
"oob_1sided",0.999772032254322,FALSE,1007,"null",200,TRUE,NA,1,"null","main",NA,7
"seq_rate",0.190613323135282,FALSE,1008,"null",200,TRUE,NA,1,"null","main",NA,8
"calibration",0.999852919930018,FALSE,1008,"null",200,TRUE,NA,1,"null","main",NA,8
"high_low",0.00183548443879738,TRUE,1008,"null",200,TRUE,NA,1,"null","main",NA,8
"oob_2sided",0.000753574523538229,TRUE,1008,"null",200,TRUE,NA,1,"null","main",NA,8
"oob_1sided",0.999623212738231,FALSE,1008,"null",200,TRUE,NA,1,"null","main",NA,8
"seq_rate",0.871255925929134,FALSE,1009,"null",200,TRUE,NA,1,"null","main",NA,9
"calibration",0.999999999622852,FALSE,1009,"null",200,TRUE,NA,1,"null","main",NA,9
"high_low",2.18523493462667e-05,TRUE,1009,"null",200,TRUE,NA,1,"null","main",NA,9
"oob_2sided",1.75586228233486e-07,TRUE,1009,"null",200,TRUE,NA,1,"null","main",NA,9
"oob_1sided",0.999999912206886,FALSE,1009,"null",200,TRUE,NA,1,"null","main",NA,9
"seq_rate",0.559669425511273,FALSE,1010,"null",200,TRUE,NA,1,"null","main",NA,10
"calibration",0.99455022946671,FALSE,1010,"null",200,TRUE,NA,1,"null","main",NA,10
"high_low",0.359698447513014,FALSE,1010,"null",200,TRUE,NA,1,"null","main",NA,10
"oob_2sided",0.00472419820930618,TRUE,1010,"null",200,TRUE,NA,1,"null","main",NA,10
"oob_1sided",0.997637900895347,FALSE,1010,"null",200,TRUE,NA,1,"null","main",NA,10
"seq_rate",0.785054310938919,FALSE,1011,"null",200,TRUE,NA,1,"null","main",NA,11
"calibration",0.825952866254082,FALSE,1011,"null",200,TRUE,NA,1,"null","main",NA,11
"high_low",0.953189425551817,FALSE,1011,"null",200,TRUE,NA,1,"null","main",NA,11
"oob_2sided",0.156000737830963,FALSE,1011,"null",200,TRUE,NA,1,"null","main",NA,11
"oob_1sided",0.921999631084519,FALSE,1011,"null",200,TRUE,NA,1,"null","main",NA,11
"seq_rate",0.697383457351549,FALSE,1012,"null",200,TRUE,NA,1,"null","main",NA,12
"calibration",0.703126532161762,FALSE,1012,"null",200,TRUE,NA,1,"null","main",NA,12
"high_low",0.580502644676275,FALSE,1012,"null",200,TRUE,NA,1,"null","main",NA,12
"oob_2sided",0.555724782032868,FALSE,1012,"null",200,TRUE,NA,1,"null","main",NA,12
"oob_1sided",0.722137608983566,FALSE,1012,"null",200,TRUE,NA,1,"null","main",NA,12
"seq_rate",0.632462634659325,FALSE,1013,"null",200,TRUE,NA,1,"null","main",NA,13
"calibration",0.999845519763746,FALSE,1013,"null",200,TRUE,NA,1,"null","main",NA,13
"high_low",0.00333652951172361,TRUE,1013,"null",200,TRUE,NA,1,"null","main",NA,13
"oob_2sided",9.1628953332601e-05,TRUE,1013,"null",200,TRUE,NA,1,"null","main",NA,13
"oob_1sided",0.999954185523334,FALSE,1013,"null",200,TRUE,NA,1,"null","main",NA,13
"seq_rate",0.630249973010988,FALSE,1014,"null",200,TRUE,NA,1,"null","main",NA,14
"calibration",0.909921472322978,FALSE,1014,"null",200,TRUE,NA,1,"null","main",NA,14
"high_low",0.732776882081683,FALSE,1014,"null",200,TRUE,NA,1,"null","main",NA,14
"oob_2sided",0.383744700565284,FALSE,1014,"null",200,TRUE,NA,1,"null","main",NA,14
"oob_1sided",0.808127649717358,FALSE,1014,"null",200,TRUE,NA,1,"null","main",NA,14
"seq_rate",0.97856021394606,FALSE,1015,"null",200,TRUE,NA,1,"null","main",NA,15
"calibration",0.980445968060535,FALSE,1015,"null",200,TRUE,NA,1,"null","main",NA,15
"high_low",0.998743539799429,FALSE,1015,"null",200,TRUE,NA,1,"null","main",NA,15
"oob_2sided",0.0239081918373713,TRUE,1015,"null",200,TRUE,NA,1,"null","main",NA,15
"oob_1sided",0.988045904081314,FALSE,1015,"null",200,TRUE,NA,1,"null","main",NA,15
"seq_rate",0.316225365629202,FALSE,1016,"null",200,TRUE,NA,1,"null","main",NA,16
"calibration",0.999997849065934,FALSE,1016,"null",200,TRUE,NA,1,"null","main",NA,16
"high_low",1.82428460544101e-06,TRUE,1016,"null",200,TRUE,NA,1,"null","main",NA,16
"oob_2sided",1.33582740472243e-05,TRUE,1016,"null",200,TRUE,NA,1,"null","main",NA,16
"oob_1sided",0.999993320862976,FALSE,1016,"null",200,TRUE,NA,1,"null","main",NA,16
"seq_rate",0.572467209230293,FALSE,1017,"null",200,TRUE,NA,1,"null","main",NA,17
"calibration",0.999999537925821,FALSE,1017,"null",200,TRUE,NA,1,"null","main",NA,17
"high_low",4.56723894879333e-05,TRUE,1017,"null",200,TRUE,NA,1,"null","main",NA,17
"oob_2sided",1.02055488179616e-05,TRUE,1017,"null",200,TRUE,NA,1,"null","main",NA,17
"oob_1sided",0.999994897225591,FALSE,1017,"null",200,TRUE,NA,1,"null","main",NA,17
"seq_rate",0.88588148947641,FALSE,1018,"null",200,TRUE,NA,1,"null","main",NA,18
"calibration",0.713684501387382,FALSE,1018,"null",200,TRUE,NA,1,"null","main",NA,18
"high_low",0.28361861080507,FALSE,1018,"null",200,TRUE,NA,1,"null","main",NA,18
"oob_2sided",0.0435669405843657,TRUE,1018,"null",200,TRUE,NA,1,"null","main",NA,18
"oob_1sided",0.978216529707817,FALSE,1018,"null",200,TRUE,NA,1,"null","main",NA,18
"seq_rate",0.664363993577768,FALSE,1019,"null",200,TRUE,NA,1,"null","main",NA,19
"calibration",0.737166343900017,FALSE,1019,"null",200,TRUE,NA,1,"null","main",NA,19
"high_low",0.926116084500261,FALSE,1019,"null",200,TRUE,NA,1,"null","main",NA,19
"oob_2sided",0.276584056125964,FALSE,1019,"null",200,TRUE,NA,1,"null","main",NA,19
"oob_1sided",0.861707971937018,FALSE,1019,"null",200,TRUE,NA,1,"null","main",NA,19
"seq_rate",0.593013474423849,FALSE,1020,"null",200,TRUE,NA,1,"null","main",NA,20
"calibration",0.922268513527664,FALSE,1020,"null",200,TRUE,NA,1,"null","main",NA,20
"high_low",0.319031308269627,FALSE,1020,"null",200,TRUE,NA,1,"null","main",NA,20
"oob_2sided",0.114616835507732,FALSE,1020,"null",200,TRUE,NA,1,"null","main",NA,20
"oob_1sided",0.942691582246134,FALSE,1020,"null",200,TRUE,NA,1,"null","main",NA,20
"seq_rate",0.731332551930137,FALSE,2001,"null",300,TRUE,NA,2,"null","main",NA,1
"calibration",0.990094079642432,FALSE,2001,"null",300,TRUE,NA,2,"null","main",NA,1
"high_low",0.205521457028934,FALSE,2001,"null",300,TRUE,NA,2,"null","main",NA,1
"oob_2sided",0.00629806234558556,TRUE,2001,"null",300,TRUE,NA,2,"null","main",NA,1
"oob_1sided",0.996850968827207,FALSE,2001,"null",300,TRUE,NA,2,"null","main",NA,1
"seq_rate",0.903391669979018,FALSE,2002,"null",300,TRUE,NA,2,"null","main",NA,2
"calibration",0.973862766003837,FALSE,2002,"null",300,TRUE,NA,2,"null","main",NA,2
"high_low",0.486652041300558,FALSE,2002,"null",300,TRUE,NA,2,"null","main",NA,2
"oob_2sided",0.0834656004563541,FALSE,2002,"null",300,TRUE,NA,2,"null","main",NA,2
"oob_1sided",0.958267199771823,FALSE,2002,"null",300,TRUE,NA,2,"null","main",NA,2
"seq_rate",0.929128164671978,FALSE,2003,"null",300,TRUE,NA,2,"null","main",NA,3
"calibration",0.860964571372042,FALSE,2003,"null",300,TRUE,NA,2,"null","main",NA,3
"high_low",0.268795010530475,FALSE,2003,"null",300,TRUE,NA,2,"null","main",NA,3
"oob_2sided",0.0440168184908073,TRUE,2003,"null",300,TRUE,NA,2,"null","main",NA,3
"oob_1sided",0.977991590754596,FALSE,2003,"null",300,TRUE,NA,2,"null","main",NA,3
"seq_rate",0.830994828802194,FALSE,2004,"null",300,TRUE,NA,2,"null","main",NA,4
"calibration",0.999999984920858,FALSE,2004,"null",300,TRUE,NA,2,"null","main",NA,4
"high_low",3.77866831583097e-05,TRUE,2004,"null",300,TRUE,NA,2,"null","main",NA,4
"oob_2sided",1.29224877339683e-06,TRUE,2004,"null",300,TRUE,NA,2,"null","main",NA,4
"oob_1sided",0.999999353875613,FALSE,2004,"null",300,TRUE,NA,2,"null","main",NA,4
"seq_rate",0.675503808791381,FALSE,2005,"null",300,TRUE,NA,2,"null","main",NA,5
"calibration",0.999330290895598,FALSE,2005,"null",300,TRUE,NA,2,"null","main",NA,5
"high_low",0.0979458904582637,FALSE,2005,"null",300,TRUE,NA,2,"null","main",NA,5
"oob_2sided",0.00387885644583393,TRUE,2005,"null",300,TRUE,NA,2,"null","main",NA,5
"oob_1sided",0.998060571777083,FALSE,2005,"null",300,TRUE,NA,2,"null","main",NA,5
"seq_rate",0.16770334438566,FALSE,2006,"null",300,TRUE,NA,2,"null","main",NA,6
"calibration",0.14590505807083,FALSE,2006,"null",300,TRUE,NA,2,"null","main",NA,6
"high_low",0.847401338116308,FALSE,2006,"null",300,TRUE,NA,2,"null","main",NA,6
"oob_2sided",0.943979720890997,FALSE,2006,"null",300,TRUE,NA,2,"null","main",NA,6
"oob_1sided",0.471989860445499,FALSE,2006,"null",300,TRUE,NA,2,"null","main",NA,6
"seq_rate",0.927671883535378,FALSE,2007,"null",300,TRUE,NA,2,"null","main",NA,7
"calibration",0.979415291757394,FALSE,2007,"null",300,TRUE,NA,2,"null","main",NA,7
"high_low",0.180447006625686,FALSE,2007,"null",300,TRUE,NA,2,"null","main",NA,7
"oob_2sided",0.0895874233053622,FALSE,2007,"null",300,TRUE,NA,2,"null","main",NA,7
"oob_1sided",0.955206288347319,FALSE,2007,"null",300,TRUE,NA,2,"null","main",NA,7
"seq_rate",0.480744189863876,FALSE,2008,"null",300,TRUE,NA,2,"null","main",NA,8
"calibration",0.937900111163494,FALSE,2008,"null",300,TRUE,NA,2,"null","main",NA,8
"high_low",0.672412725648774,FALSE,2008,"null",300,TRUE,NA,2,"null","main",NA,8
"oob_2sided",0.274948783240791,FALSE,2008,"null",300,TRUE,NA,2,"null","main",NA,8
"oob_1sided",0.862525608379605,FALSE,2008,"null",300,TRUE,NA,2,"null","main",NA,8
"seq_rate",0.991387357934292,FALSE,2009,"null",300,TRUE,NA,2,"null","main",NA,9
"calibration",0.969345696566271,FALSE,2009,"null",300,TRUE,NA,2,"null","main",NA,9
"high_low",0.0711541639499009,FALSE,2009,"null",300,TRUE,NA,2,"null","main",NA,9
"oob_2sided",0.100397059659587,FALSE,2009,"null",300,TRUE,NA,2,"null","main",NA,9
"oob_1sided",0.949801470170207,FALSE,2009,"null",300,TRUE,NA,2,"null","main",NA,9
"seq_rate",0.827072463117533,FALSE,2010,"null",300,TRUE,NA,2,"null","main",NA,10
"calibration",0.987442448507051,FALSE,2010,"null",300,TRUE,NA,2,"null","main",NA,10
"high_low",0.0307680418276148,TRUE,2010,"null",300,TRUE,NA,2,"null","main",NA,10
"oob_2sided",0.0113592153148062,TRUE,2010,"null",300,TRUE,NA,2,"null","main",NA,10
"oob_1sided",0.994320392342597,FALSE,2010,"null",300,TRUE,NA,2,"null","main",NA,10
"seq_rate",0.862349391349323,FALSE,2011,"null",300,TRUE,NA,2,"null","main",NA,11
"calibration",0.988660416814904,FALSE,2011,"null",300,TRUE,NA,2,"null","main",NA,11
"high_low",0.0177745343194247,TRUE,2011,"null",300,TRUE,NA,2,"null","main",NA,11
"oob_2sided",0.0258108122599451,TRUE,2011,"null",300,TRUE,NA,2,"null","main",NA,11
"oob_1sided",0.987094593870027,FALSE,2011,"null",300,TRUE,NA,2,"null","main",NA,11
"seq_rate",0.983054866878183,FALSE,2012,"null",300,TRUE,NA,2,"null","main",NA,12
"calibration",0.664993796559371,FALSE,2012,"null",300,TRUE,NA,2,"null","main",NA,12
"high_low",0.949254948669085,FALSE,2012,"null",300,TRUE,NA,2,"null","main",NA,12
"oob_2sided",0.587910390113784,FALSE,2012,"null",300,TRUE,NA,2,"null","main",NA,12
"oob_1sided",0.293955195056892,FALSE,2012,"null",300,TRUE,NA,2,"null","main",NA,12
"seq_rate",0.874275312345321,FALSE,2013,"null",300,TRUE,NA,2,"null","main",NA,13
"calibration",0.289026352319604,FALSE,2013,"null",300,TRUE,NA,2,"null","main",NA,13
"high_low",0.0287551777985038,TRUE,2013,"null",300,TRUE,NA,2,"null","main",NA,13
"oob_2sided",0.992294008019855,FALSE,2013,"null",300,TRUE,NA,2,"null","main",NA,13
"oob_1sided",0.503852995990073,FALSE,2013,"null",300,TRUE,NA,2,"null","main",NA,13
"seq_rate",0.691886036267132,FALSE,2014,"null",300,TRUE,NA,2,"null","main",NA,14
"calibration",0.333505774722588,FALSE,2014,"null",300,TRUE,NA,2,"null","main",NA,14
"high_low",0.739165088318545,FALSE,2014,"null",300,TRUE,NA,2,"null","main",NA,14
"oob_2sided",0.75779641242942,FALSE,2014,"null",300,TRUE,NA,2,"null","main",NA,14
"oob_1sided",0.37889820621471,FALSE,2014,"null",300,TRUE,NA,2,"null","main",NA,14
"seq_rate",0.226362543091873,FALSE,2015,"null",300,TRUE,NA,2,"null","main",NA,15
"calibration",0.999824069553385,FALSE,2015,"null",300,TRUE,NA,2,"null","main",NA,15
"high_low",0.0136151124619534,TRUE,2015,"null",300,TRUE,NA,2,"null","main",NA,15
"oob_2sided",9.27907295145866e-05,TRUE,2015,"null",300,TRUE,NA,2,"null","main",NA,15
"oob_1sided",0.999953604635243,FALSE,2015,"null",300,TRUE,NA,2,"null","main",NA,15
"seq_rate",0.928309710841998,FALSE,2016,"null",300,TRUE,NA,2,"null","main",NA,16
"calibration",0.986926415417531,FALSE,2016,"null",300,TRUE,NA,2,"null","main",NA,16
"high_low",0.174365778996856,FALSE,2016,"null",300,TRUE,NA,2,"null","main",NA,16
"oob_2sided",0.230264714768997,FALSE,2016,"null",300,TRUE,NA,2,"null","main",NA,16
"oob_1sided",0.884867642615501,FALSE,2016,"null",300,TRUE,NA,2,"null","main",NA,16
"seq_rate",0.647306139486703,FALSE,2017,"null",300,TRUE,NA,2,"null","main",NA,17
"calibration",0.429879274190368,FALSE,2017,"null",300,TRUE,NA,2,"null","main",NA,17
"high_low",0.827925376551094,FALSE,2017,"null",300,TRUE,NA,2,"null","main",NA,17
"oob_2sided",0.478155459664377,FALSE,2017,"null",300,TRUE,NA,2,"null","main",NA,17
"oob_1sided",0.760922270167811,FALSE,2017,"null",300,TRUE,NA,2,"null","main",NA,17
"seq_rate",0.794343995876887,FALSE,2018,"null",300,TRUE,NA,2,"null","main",NA,18
"calibration",0.346963415717492,FALSE,2018,"null",300,TRUE,NA,2,"null","main",NA,18
"high_low",0.757842247928263,FALSE,2018,"null",300,TRUE,NA,2,"null","main",NA,18
"oob_2sided",0.409281783060377,FALSE,2018,"null",300,TRUE,NA,2,"null","main",NA,18
"oob_1sided",0.204640891530189,FALSE,2018,"null",300,TRUE,NA,2,"null","main",NA,18
"seq_rate",0.864987756463788,FALSE,2019,"null",300,TRUE,NA,2,"null","main",NA,19
"calibration",0.999606063318171,FALSE,2019,"null",300,TRUE,NA,2,"null","main",NA,19
"high_low",0.0372478342298756,TRUE,2019,"null",300,TRUE,NA,2,"null","main",NA,19
"oob_2sided",0.0550292518426914,FALSE,2019,"null",300,TRUE,NA,2,"null","main",NA,19
"oob_1sided",0.972485374078654,FALSE,2019,"null",300,TRUE,NA,2,"null","main",NA,19
"seq_rate",0.795615688760836,FALSE,2020,"null",300,TRUE,NA,2,"null","main",NA,20
"calibration",0.999144579306613,FALSE,2020,"null",300,TRUE,NA,2,"null","main",NA,20
"high_low",0.00998958053467327,TRUE,2020,"null",300,TRUE,NA,2,"null","main",NA,20
"oob_2sided",0.00224969305650434,TRUE,2020,"null",300,TRUE,NA,2,"null","main",NA,20
"oob_1sided",0.998875153471748,FALSE,2020,"null",300,TRUE,NA,2,"null","main",NA,20
"seq_rate",0.998378893157176,FALSE,3001,"nw1_s0.15",200,TRUE,NA,3,"nw1","main",0.15,1
"calibration",0.976402475436292,FALSE,3001,"nw1_s0.15",200,TRUE,NA,3,"nw1","main",0.15,1
"high_low",0.188566804998886,FALSE,3001,"nw1_s0.15",200,TRUE,NA,3,"nw1","main",0.15,1
"oob_2sided",0.0588148437972023,FALSE,3001,"nw1_s0.15",200,TRUE,NA,3,"nw1","main",0.15,1
"oob_1sided",0.970592578101399,FALSE,3001,"nw1_s0.15",200,TRUE,NA,3,"nw1","main",0.15,1
"seq_rate",0.831484838560924,FALSE,3002,"nw1_s0.15",200,TRUE,NA,3,"nw1","main",0.15,2
"calibration",0.99999886898456,FALSE,3002,"nw1_s0.15",200,TRUE,NA,3,"nw1","main",0.15,2
"high_low",1.45871014856783e-05,TRUE,3002,"nw1_s0.15",200,TRUE,NA,3,"nw1","main",0.15,2
"oob_2sided",0.000567019187615314,TRUE,3002,"nw1_s0.15",200,TRUE,NA,3,"nw1","main",0.15,2
"oob_1sided",0.999716490406192,FALSE,3002,"nw1_s0.15",200,TRUE,NA,3,"nw1","main",0.15,2
"seq_rate",0.380068824087495,FALSE,3003,"nw1_s0.15",200,TRUE,NA,3,"nw1","main",0.15,3
"calibration",0.546332653161961,FALSE,3003,"nw1_s0.15",200,TRUE,NA,3,"nw1","main",0.15,3
"high_low",0.976202253653051,FALSE,3003,"nw1_s0.15",200,TRUE,NA,3,"nw1","main",0.15,3
"oob_2sided",0.776620884231622,FALSE,3003,"nw1_s0.15",200,TRUE,NA,3,"nw1","main",0.15,3
"oob_1sided",0.611689557884189,FALSE,3003,"nw1_s0.15",200,TRUE,NA,3,"nw1","main",0.15,3
"seq_rate",0.777971094723883,FALSE,3004,"nw1_s0.15",200,TRUE,NA,3,"nw1","main",0.15,4
"calibration",0.963859622053202,FALSE,3004,"nw1_s0.15",200,TRUE,NA,3,"nw1","main",0.15,4
"high_low",0.386172811508077,FALSE,3004,"nw1_s0.15",200,TRUE,NA,3,"nw1","main",0.15,4
"oob_2sided",0.30123211994027,FALSE,3004,"nw1_s0.15",200,TRUE,NA,3,"nw1","main",0.15,4
"oob_1sided",0.849383940029865,FALSE,3004,"nw1_s0.15",200,TRUE,NA,3,"nw1","main",0.15,4
"seq_rate",0.615698280304477,FALSE,3005,"nw1_s0.15",200,TRUE,NA,3,"nw1","main",0.15,5
"calibration",0.999988031085119,FALSE,3005,"nw1_s0.15",200,TRUE,NA,3,"nw1","main",0.15,5
"high_low",0.00285134564243588,TRUE,3005,"nw1_s0.15",200,TRUE,NA,3,"nw1","main",0.15,5
"oob_2sided",0.00252663818044959,TRUE,3005,"nw1_s0.15",200,TRUE,NA,3,"nw1","main",0.15,5
"oob_1sided",0.998736680909775,FALSE,3005,"nw1_s0.15",200,TRUE,NA,3,"nw1","main",0.15,5
"seq_rate",0.78571104008287,FALSE,3006,"nw1_s0.15",200,TRUE,NA,3,"nw1","main",0.15,6
"calibration",0.99983040986519,FALSE,3006,"nw1_s0.15",200,TRUE,NA,3,"nw1","main",0.15,6
"high_low",0.0319615796897411,TRUE,3006,"nw1_s0.15",200,TRUE,NA,3,"nw1","main",0.15,6
"oob_2sided",0.0142854988776756,TRUE,3006,"nw1_s0.15",200,TRUE,NA,3,"nw1","main",0.15,6
"oob_1sided",0.992857250561162,FALSE,3006,"nw1_s0.15",200,TRUE,NA,3,"nw1","main",0.15,6
"seq_rate",0.809905303082628,FALSE,3007,"nw1_s0.15",200,TRUE,NA,3,"nw1","main",0.15,7
"calibration",0.999575388970942,FALSE,3007,"nw1_s0.15",200,TRUE,NA,3,"nw1","main",0.15,7
"high_low",0.184374155502085,FALSE,3007,"nw1_s0.15",200,TRUE,NA,3,"nw1","main",0.15,7
"oob_2sided",0.143309843929176,FALSE,3007,"nw1_s0.15",200,TRUE,NA,3,"nw1","main",0.15,7
"oob_1sided",0.928345078035412,FALSE,3007,"nw1_s0.15",200,TRUE,NA,3,"nw1","main",0.15,7
"seq_rate",0.971789853371546,FALSE,3008,"nw1_s0.15",200,TRUE,NA,3,"nw1","main",0.15,8
"calibration",0.998954291276436,FALSE,3008,"nw1_s0.15",200,TRUE,NA,3,"nw1","main",0.15,8
"high_low",0.0498186235712143,TRUE,3008,"nw1_s0.15",200,TRUE,NA,3,"nw1","main",0.15,8
"oob_2sided",0.113747793459653,FALSE,3008,"nw1_s0.15",200,TRUE,NA,3,"nw1","main",0.15,8
"oob_1sided",0.943126103270174,FALSE,3008,"nw1_s0.15",200,TRUE,NA,3,"nw1","main",0.15,8
"seq_rate",0.398193560151471,FALSE,3009,"nw1_s0.15",200,TRUE,NA,3,"nw1","main",0.15,9
"calibration",0.999807022086207,FALSE,3009,"nw1_s0.15",200,TRUE,NA,3,"nw1","main",0.15,9
"high_low",0.00018948528956231,TRUE,3009,"nw1_s0.15",200,TRUE,NA,3,"nw1","main",0.15,9
"oob_2sided",0.0102870931835237,TRUE,3009,"nw1_s0.15",200,TRUE,NA,3,"nw1","main",0.15,9
"oob_1sided",0.994856453408238,FALSE,3009,"nw1_s0.15",200,TRUE,NA,3,"nw1","main",0.15,9
"seq_rate",0.419957243497482,FALSE,3010,"nw1_s0.15",200,TRUE,NA,3,"nw1","main",0.15,10
"calibration",0.998185625771789,FALSE,3010,"nw1_s0.15",200,TRUE,NA,3,"nw1","main",0.15,10
"high_low",0.0176276963464613,TRUE,3010,"nw1_s0.15",200,TRUE,NA,3,"nw1","main",0.15,10
"oob_2sided",0.00908812366273093,TRUE,3010,"nw1_s0.15",200,TRUE,NA,3,"nw1","main",0.15,10
"oob_1sided",0.995455938168635,FALSE,3010,"nw1_s0.15",200,TRUE,NA,3,"nw1","main",0.15,10
"seq_rate",0.234891848250013,FALSE,3011,"nw1_s0.15",200,TRUE,NA,3,"nw1","main",0.15,11
"calibration",0.999996570022703,FALSE,3011,"nw1_s0.15",200,TRUE,NA,3,"nw1","main",0.15,11
"high_low",0.00546713781700409,TRUE,3011,"nw1_s0.15",200,TRUE,NA,3,"nw1","main",0.15,11
"oob_2sided",3.80940792091494e-06,TRUE,3011,"nw1_s0.15",200,TRUE,NA,3,"nw1","main",0.15,11
"oob_1sided",0.99999809529604,FALSE,3011,"nw1_s0.15",200,TRUE,NA,3,"nw1","main",0.15,11
"seq_rate",0.843386871973001,FALSE,3012,"nw1_s0.15",200,TRUE,NA,3,"nw1","main",0.15,12
"calibration",0.228861807220108,FALSE,3012,"nw1_s0.15",200,TRUE,NA,3,"nw1","main",0.15,12
"high_low",0.465726547520983,FALSE,3012,"nw1_s0.15",200,TRUE,NA,3,"nw1","main",0.15,12
"oob_2sided",0.98462366112712,FALSE,3012,"nw1_s0.15",200,TRUE,NA,3,"nw1","main",0.15,12
"oob_1sided",0.49231183056356,FALSE,3012,"nw1_s0.15",200,TRUE,NA,3,"nw1","main",0.15,12
"seq_rate",0.640488573732909,FALSE,3013,"nw1_s0.15",200,TRUE,NA,3,"nw1","main",0.15,13
"calibration",0.868682055676987,FALSE,3013,"nw1_s0.15",200,TRUE,NA,3,"nw1","main",0.15,13
"high_low",0.28508541651706,FALSE,3013,"nw1_s0.15",200,TRUE,NA,3,"nw1","main",0.15,13
"oob_2sided",0.0718515233116722,FALSE,3013,"nw1_s0.15",200,TRUE,NA,3,"nw1","main",0.15,13
"oob_1sided",0.964074238344164,FALSE,3013,"nw1_s0.15",200,TRUE,NA,3,"nw1","main",0.15,13
"seq_rate",0.282906062287791,FALSE,3014,"nw1_s0.15",200,TRUE,NA,3,"nw1","main",0.15,14
"calibration",0.49937867042736,FALSE,3014,"nw1_s0.15",200,TRUE,NA,3,"nw1","main",0.15,14
"high_low",0.299941021206835,FALSE,3014,"nw1_s0.15",200,TRUE,NA,3,"nw1","main",0.15,14
"oob_2sided",0.664576990843705,FALSE,3014,"nw1_s0.15",200,TRUE,NA,3,"nw1","main",0.15,14
"oob_1sided",0.332288495421852,FALSE,3014,"nw1_s0.15",200,TRUE,NA,3,"nw1","main",0.15,14
"seq_rate",0.789781854923779,FALSE,3015,"nw1_s0.15",200,TRUE,NA,3,"nw1","main",0.15,15
"calibration",0.967835479562092,FALSE,3015,"nw1_s0.15",200,TRUE,NA,3,"nw1","main",0.15,15
"high_low",0.142609391477623,FALSE,3015,"nw1_s0.15",200,TRUE,NA,3,"nw1","main",0.15,15
"oob_2sided",0.0256032530502747,TRUE,3015,"nw1_s0.15",200,TRUE,NA,3,"nw1","main",0.15,15
"oob_1sided",0.987198373474863,FALSE,3015,"nw1_s0.15",200,TRUE,NA,3,"nw1","main",0.15,15
"seq_rate",0.810237193371852,FALSE,3016,"nw1_s0.15",200,TRUE,NA,3,"nw1","main",0.15,16
"calibration",0.747964778153883,FALSE,3016,"nw1_s0.15",200,TRUE,NA,3,"nw1","main",0.15,16
"high_low",0.557164002662304,FALSE,3016,"nw1_s0.15",200,TRUE,NA,3,"nw1","main",0.15,16
"oob_2sided",0.787793676146306,FALSE,3016,"nw1_s0.15",200,TRUE,NA,3,"nw1","main",0.15,16
"oob_1sided",0.606103161926847,FALSE,3016,"nw1_s0.15",200,TRUE,NA,3,"nw1","main",0.15,16
"seq_rate",0.457356905052959,FALSE,3017,"nw1_s0.15",200,TRUE,NA,3,"nw1","main",0.15,17
"calibration",0.581334935260655,FALSE,3017,"nw1_s0.15",200,TRUE,NA,3,"nw1","main",0.15,17
"high_low",0.7304040788862,FALSE,3017,"nw1_s0.15",200,TRUE,NA,3,"nw1","main",0.15,17
"oob_2sided",0.450300087090299,FALSE,3017,"nw1_s0.15",200,TRUE,NA,3,"nw1","main",0.15,17
"oob_1sided",0.774849956454851,FALSE,3017,"nw1_s0.15",200,TRUE,NA,3,"nw1","main",0.15,17
"seq_rate",0.72383677882908,FALSE,3018,"nw1_s0.15",200,TRUE,NA,3,"nw1","main",0.15,18
"calibration",0.999994337215038,FALSE,3018,"nw1_s0.15",200,TRUE,NA,3,"nw1","main",0.15,18
"high_low",0.000881647581229841,TRUE,3018,"nw1_s0.15",200,TRUE,NA,3,"nw1","main",0.15,18
"oob_2sided",0.0104865644213711,TRUE,3018,"nw1_s0.15",200,TRUE,NA,3,"nw1","main",0.15,18
"oob_1sided",0.994756717789315,FALSE,3018,"nw1_s0.15",200,TRUE,NA,3,"nw1","main",0.15,18
"seq_rate",0.0254795891827122,TRUE,3019,"nw1_s0.15",200,TRUE,NA,3,"nw1","main",0.15,19
"calibration",0.360741144823414,FALSE,3019,"nw1_s0.15",200,TRUE,NA,3,"nw1","main",0.15,19
"high_low",0.803304997406498,FALSE,3019,"nw1_s0.15",200,TRUE,NA,3,"nw1","main",0.15,19
"oob_2sided",0.111064611418691,FALSE,3019,"nw1_s0.15",200,TRUE,NA,3,"nw1","main",0.15,19
"oob_1sided",0.0555323057093456,FALSE,3019,"nw1_s0.15",200,TRUE,NA,3,"nw1","main",0.15,19
"seq_rate",0.584134252465735,FALSE,3020,"nw1_s0.15",200,TRUE,NA,3,"nw1","main",0.15,20
"calibration",0.125868417049696,FALSE,3020,"nw1_s0.15",200,TRUE,NA,3,"nw1","main",0.15,20
"high_low",0.368590670670597,FALSE,3020,"nw1_s0.15",200,TRUE,NA,3,"nw1","main",0.15,20
"oob_2sided",0.479500032841255,FALSE,3020,"nw1_s0.15",200,TRUE,NA,3,"nw1","main",0.15,20
"oob_1sided",0.239750016420627,FALSE,3020,"nw1_s0.15",200,TRUE,NA,3,"nw1","main",0.15,20
"seq_rate",0.607210952676637,FALSE,4001,"nw1_s0.15",300,TRUE,NA,4,"nw1","main",0.15,1
"calibration",0.526472495292061,FALSE,4001,"nw1_s0.15",300,TRUE,NA,4,"nw1","main",0.15,1
"high_low",0.268446330079392,FALSE,4001,"nw1_s0.15",300,TRUE,NA,4,"nw1","main",0.15,1
"oob_2sided",0.597598936711175,FALSE,4001,"nw1_s0.15",300,TRUE,NA,4,"nw1","main",0.15,1
"oob_1sided",0.298799468355588,FALSE,4001,"nw1_s0.15",300,TRUE,NA,4,"nw1","main",0.15,1
"seq_rate",0.426528227503888,FALSE,4002,"nw1_s0.15",300,TRUE,NA,4,"nw1","main",0.15,2
"calibration",0.863563177412482,FALSE,4002,"nw1_s0.15",300,TRUE,NA,4,"nw1","main",0.15,2
"high_low",0.850897512345232,FALSE,4002,"nw1_s0.15",300,TRUE,NA,4,"nw1","main",0.15,2
"oob_2sided",0.446131137702594,FALSE,4002,"nw1_s0.15",300,TRUE,NA,4,"nw1","main",0.15,2
"oob_1sided",0.776934431148703,FALSE,4002,"nw1_s0.15",300,TRUE,NA,4,"nw1","main",0.15,2
"seq_rate",0.886861568160095,FALSE,4003,"nw1_s0.15",300,TRUE,NA,4,"nw1","main",0.15,3
"calibration",0.581883084310524,FALSE,4003,"nw1_s0.15",300,TRUE,NA,4,"nw1","main",0.15,3
"high_low",0.468623121981635,FALSE,4003,"nw1_s0.15",300,TRUE,NA,4,"nw1","main",0.15,3
"oob_2sided",0.667483290309322,FALSE,4003,"nw1_s0.15",300,TRUE,NA,4,"nw1","main",0.15,3
"oob_1sided",0.666258354845339,FALSE,4003,"nw1_s0.15",300,TRUE,NA,4,"nw1","main",0.15,3
"seq_rate",0.788080574615676,FALSE,4004,"nw1_s0.15",300,TRUE,NA,4,"nw1","main",0.15,4
"calibration",0.997396312676669,FALSE,4004,"nw1_s0.15",300,TRUE,NA,4,"nw1","main",0.15,4
"high_low",0.102591540362052,FALSE,4004,"nw1_s0.15",300,TRUE,NA,4,"nw1","main",0.15,4
"oob_2sided",0.039539113320852,TRUE,4004,"nw1_s0.15",300,TRUE,NA,4,"nw1","main",0.15,4
"oob_1sided",0.980230443339574,FALSE,4004,"nw1_s0.15",300,TRUE,NA,4,"nw1","main",0.15,4
"seq_rate",0.77019163706119,FALSE,4005,"nw1_s0.15",300,TRUE,NA,4,"nw1","main",0.15,5
"calibration",0.745085331090045,FALSE,4005,"nw1_s0.15",300,TRUE,NA,4,"nw1","main",0.15,5
"high_low",0.878755518043436,FALSE,4005,"nw1_s0.15",300,TRUE,NA,4,"nw1","main",0.15,5
"oob_2sided",0.289585945237572,FALSE,4005,"nw1_s0.15",300,TRUE,NA,4,"nw1","main",0.15,5
"oob_1sided",0.855207027381214,FALSE,4005,"nw1_s0.15",300,TRUE,NA,4,"nw1","main",0.15,5
"seq_rate",0.188242518910306,FALSE,4006,"nw1_s0.15",300,TRUE,NA,4,"nw1","main",0.15,6
"calibration",0.979490672476122,FALSE,4006,"nw1_s0.15",300,TRUE,NA,4,"nw1","main",0.15,6
"high_low",0.272647082896573,FALSE,4006,"nw1_s0.15",300,TRUE,NA,4,"nw1","main",0.15,6
"oob_2sided",0.245027997706255,FALSE,4006,"nw1_s0.15",300,TRUE,NA,4,"nw1","main",0.15,6
"oob_1sided",0.877486001146872,FALSE,4006,"nw1_s0.15",300,TRUE,NA,4,"nw1","main",0.15,6
"seq_rate",0.600502731920438,FALSE,4007,"nw1_s0.15",300,TRUE,NA,4,"nw1","main",0.15,7
"calibration",0.999846777343939,FALSE,4007,"nw1_s0.15",300,TRUE,NA,4,"nw1","main",0.15,7
"high_low",0.028817703807795,TRUE,4007,"nw1_s0.15",300,TRUE,NA,4,"nw1","main",0.15,7
"oob_2sided",0.0215379684881007,TRUE,4007,"nw1_s0.15",300,TRUE,NA,4,"nw1","main",0.15,7
"oob_1sided",0.98923101575595,FALSE,4007,"nw1_s0.15",300,TRUE,NA,4,"nw1","main",0.15,7
"seq_rate",0.604857523748178,FALSE,4008,"nw1_s0.15",300,TRUE,NA,4,"nw1","main",0.15,8
"calibration",0.295905051195998,FALSE,4008,"nw1_s0.15",300,TRUE,NA,4,"nw1","main",0.15,8
"high_low",0.906642292357655,FALSE,4008,"nw1_s0.15",300,TRUE,NA,4,"nw1","main",0.15,8
"oob_2sided",0.778650170530655,FALSE,4008,"nw1_s0.15",300,TRUE,NA,4,"nw1","main",0.15,8
"oob_1sided",0.610674914734673,FALSE,4008,"nw1_s0.15",300,TRUE,NA,4,"nw1","main",0.15,8
"seq_rate",0.595675363702101,FALSE,4009,"nw1_s0.15",300,TRUE,NA,4,"nw1","main",0.15,9
"calibration",0.999644745379943,FALSE,4009,"nw1_s0.15",300,TRUE,NA,4,"nw1","main",0.15,9
"high_low",0.385719234206259,FALSE,4009,"nw1_s0.15",300,TRUE,NA,4,"nw1","main",0.15,9
"oob_2sided",0.000394185615085124,TRUE,4009,"nw1_s0.15",300,TRUE,NA,4,"nw1","main",0.15,9
"oob_1sided",0.999802907192457,FALSE,4009,"nw1_s0.15",300,TRUE,NA,4,"nw1","main",0.15,9
"seq_rate",0.46837070024615,FALSE,4010,"nw1_s0.15",300,TRUE,NA,4,"nw1","main",0.15,10
"calibration",0.99664675204637,FALSE,4010,"nw1_s0.15",300,TRUE,NA,4,"nw1","main",0.15,10
"high_low",0.132496609650826,FALSE,4010,"nw1_s0.15",300,TRUE,NA,4,"nw1","main",0.15,10
"oob_2sided",0.00834179001128249,TRUE,4010,"nw1_s0.15",300,TRUE,NA,4,"nw1","main",0.15,10
"oob_1sided",0.995829104994359,FALSE,4010,"nw1_s0.15",300,TRUE,NA,4,"nw1","main",0.15,10
"seq_rate",0.721522338386174,FALSE,4011,"nw1_s0.15",300,TRUE,NA,4,"nw1","main",0.15,11
"calibration",0.99934018209905,FALSE,4011,"nw1_s0.15",300,TRUE,NA,4,"nw1","main",0.15,11
"high_low",0.1077483909662,FALSE,4011,"nw1_s0.15",300,TRUE,NA,4,"nw1","main",0.15,11
"oob_2sided",0.00726868212001412,TRUE,4011,"nw1_s0.15",300,TRUE,NA,4,"nw1","main",0.15,11
"oob_1sided",0.996365658939993,FALSE,4011,"nw1_s0.15",300,TRUE,NA,4,"nw1","main",0.15,11
"seq_rate",0.139198017978298,FALSE,4012,"nw1_s0.15",300,TRUE,NA,4,"nw1","main",0.15,12
"calibration",0.609614040034152,FALSE,4012,"nw1_s0.15",300,TRUE,NA,4,"nw1","main",0.15,12
"high_low",0.942270928771976,FALSE,4012,"nw1_s0.15",300,TRUE,NA,4,"nw1","main",0.15,12
"oob_2sided",0.537139624888686,FALSE,4012,"nw1_s0.15",300,TRUE,NA,4,"nw1","main",0.15,12
"oob_1sided",0.731430187555657,FALSE,4012,"nw1_s0.15",300,TRUE,NA,4,"nw1","main",0.15,12
"seq_rate",0.553826993253232,FALSE,4013,"nw1_s0.15",300,TRUE,NA,4,"nw1","main",0.15,13
"calibration",0.961769824234355,FALSE,4013,"nw1_s0.15",300,TRUE,NA,4,"nw1","main",0.15,13
"high_low",0.95513796005824,FALSE,4013,"nw1_s0.15",300,TRUE,NA,4,"nw1","main",0.15,13
"oob_2sided",0.0873586180962909,FALSE,4013,"nw1_s0.15",300,TRUE,NA,4,"nw1","main",0.15,13
"oob_1sided",0.956320690951855,FALSE,4013,"nw1_s0.15",300,TRUE,NA,4,"nw1","main",0.15,13
"seq_rate",0.417685275998166,FALSE,4014,"nw1_s0.15",300,TRUE,NA,4,"nw1","main",0.15,14
"calibration",0.999654452398433,FALSE,4014,"nw1_s0.15",300,TRUE,NA,4,"nw1","main",0.15,14
"high_low",0.0798582693729001,FALSE,4014,"nw1_s0.15",300,TRUE,NA,4,"nw1","main",0.15,14
"oob_2sided",0.0188839933681034,TRUE,4014,"nw1_s0.15",300,TRUE,NA,4,"nw1","main",0.15,14
"oob_1sided",0.990558003315948,FALSE,4014,"nw1_s0.15",300,TRUE,NA,4,"nw1","main",0.15,14
"seq_rate",0.797099951338137,FALSE,4015,"nw1_s0.15",300,TRUE,NA,4,"nw1","main",0.15,15
"calibration",0.999997940872893,FALSE,4015,"nw1_s0.15",300,TRUE,NA,4,"nw1","main",0.15,15
"high_low",0.014930756947063,TRUE,4015,"nw1_s0.15",300,TRUE,NA,4,"nw1","main",0.15,15
"oob_2sided",0.000325635348921833,TRUE,4015,"nw1_s0.15",300,TRUE,NA,4,"nw1","main",0.15,15
"oob_1sided",0.999837182325539,FALSE,4015,"nw1_s0.15",300,TRUE,NA,4,"nw1","main",0.15,15
"seq_rate",0.182051474067067,FALSE,4016,"nw1_s0.15",300,TRUE,NA,4,"nw1","main",0.15,16
"calibration",0.135082704678822,FALSE,4016,"nw1_s0.15",300,TRUE,NA,4,"nw1","main",0.15,16
"high_low",0.243389147415616,FALSE,4016,"nw1_s0.15",300,TRUE,NA,4,"nw1","main",0.15,16
"oob_2sided",0.180931961177781,FALSE,4016,"nw1_s0.15",300,TRUE,NA,4,"nw1","main",0.15,16
"oob_1sided",0.0904659805888904,FALSE,4016,"nw1_s0.15",300,TRUE,NA,4,"nw1","main",0.15,16
"seq_rate",0.988667836318524,FALSE,4017,"nw1_s0.15",300,TRUE,NA,4,"nw1","main",0.15,17
"calibration",0.961918549821608,FALSE,4017,"nw1_s0.15",300,TRUE,NA,4,"nw1","main",0.15,17
"high_low",0.788971277168186,FALSE,4017,"nw1_s0.15",300,TRUE,NA,4,"nw1","main",0.15,17
"oob_2sided",0.461857716147618,FALSE,4017,"nw1_s0.15",300,TRUE,NA,4,"nw1","main",0.15,17
"oob_1sided",0.769071141926191,FALSE,4017,"nw1_s0.15",300,TRUE,NA,4,"nw1","main",0.15,17
"seq_rate",0.537076881873237,FALSE,4018,"nw1_s0.15",300,TRUE,NA,4,"nw1","main",0.15,18
"calibration",0.870594013938764,FALSE,4018,"nw1_s0.15",300,TRUE,NA,4,"nw1","main",0.15,18
"high_low",0.483038182878763,FALSE,4018,"nw1_s0.15",300,TRUE,NA,4,"nw1","main",0.15,18
"oob_2sided",0.170180869746615,FALSE,4018,"nw1_s0.15",300,TRUE,NA,4,"nw1","main",0.15,18
"oob_1sided",0.914909565126693,FALSE,4018,"nw1_s0.15",300,TRUE,NA,4,"nw1","main",0.15,18
"seq_rate",0.817043910798652,FALSE,4019,"nw1_s0.15",300,TRUE,NA,4,"nw1","main",0.15,19
"calibration",0.883507303253176,FALSE,4019,"nw1_s0.15",300,TRUE,NA,4,"nw1","main",0.15,19
"high_low",0.343784080093257,FALSE,4019,"nw1_s0.15",300,TRUE,NA,4,"nw1","main",0.15,19
"oob_2sided",0.191854815470409,FALSE,4019,"nw1_s0.15",300,TRUE,NA,4,"nw1","main",0.15,19
"oob_1sided",0.904072592264796,FALSE,4019,"nw1_s0.15",300,TRUE,NA,4,"nw1","main",0.15,19
"seq_rate",0.393669716521458,FALSE,4020,"nw1_s0.15",300,TRUE,NA,4,"nw1","main",0.15,20
"calibration",0.946453460907925,FALSE,4020,"nw1_s0.15",300,TRUE,NA,4,"nw1","main",0.15,20
"high_low",0.297318879292662,FALSE,4020,"nw1_s0.15",300,TRUE,NA,4,"nw1","main",0.15,20
"oob_2sided",0.0782114570276993,FALSE,4020,"nw1_s0.15",300,TRUE,NA,4,"nw1","main",0.15,20
"oob_1sided",0.96089427148615,FALSE,4020,"nw1_s0.15",300,TRUE,NA,4,"nw1","main",0.15,20
"seq_rate",0.847803777883259,FALSE,5001,"sparse",200,TRUE,NA,5,"sparse","main",NA,1
"calibration",0.00343230345585177,TRUE,5001,"sparse",200,TRUE,NA,5,"sparse","main",NA,1
"high_low",0.164989847021388,FALSE,5001,"sparse",200,TRUE,NA,5,"sparse","main",NA,1
"oob_2sided",0.726478092598224,FALSE,5001,"sparse",200,TRUE,NA,5,"sparse","main",NA,1
"oob_1sided",0.636760953700888,FALSE,5001,"sparse",200,TRUE,NA,5,"sparse","main",NA,1
"seq_rate",0.203620467431343,FALSE,5002,"sparse",200,TRUE,NA,5,"sparse","main",NA,2
"calibration",0.243729335969785,FALSE,5002,"sparse",200,TRUE,NA,5,"sparse","main",NA,2
"high_low",0.562088405720723,FALSE,5002,"sparse",200,TRUE,NA,5,"sparse","main",NA,2
"oob_2sided",0.43697781930721,FALSE,5002,"sparse",200,TRUE,NA,5,"sparse","main",NA,2
"oob_1sided",0.218488909653605,FALSE,5002,"sparse",200,TRUE,NA,5,"sparse","main",NA,2
"seq_rate",0.159172838397549,FALSE,5003,"sparse",200,TRUE,NA,5,"sparse","main",NA,3
"calibration",0.0106381145700554,TRUE,5003,"sparse",200,TRUE,NA,5,"sparse","main",NA,3
"high_low",0.00882230755439162,TRUE,5003,"sparse",200,TRUE,NA,5,"sparse","main",NA,3
"oob_2sided",0.101500395527246,FALSE,5003,"sparse",200,TRUE,NA,5,"sparse","main",NA,3
"oob_1sided",0.0507501977636232,FALSE,5003,"sparse",200,TRUE,NA,5,"sparse","main",NA,3
"seq_rate",0.0445469176211155,TRUE,5004,"sparse",200,TRUE,NA,5,"sparse","main",NA,4
"calibration",0.000708263764614871,TRUE,5004,"sparse",200,TRUE,NA,5,"sparse","main",NA,4
"high_low",0.00563645443204469,TRUE,5004,"sparse",200,TRUE,NA,5,"sparse","main",NA,4
"oob_2sided",0.0287746166235164,TRUE,5004,"sparse",200,TRUE,NA,5,"sparse","main",NA,4
"oob_1sided",0.0143873083117582,TRUE,5004,"sparse",200,TRUE,NA,5,"sparse","main",NA,4
"seq_rate",0.138999368449958,FALSE,5005,"sparse",200,TRUE,NA,5,"sparse","main",NA,5
"calibration",0.0124335171361991,TRUE,5005,"sparse",200,TRUE,NA,5,"sparse","main",NA,5
"high_low",0.90216457286364,FALSE,5005,"sparse",200,TRUE,NA,5,"sparse","main",NA,5
"oob_2sided",0.328453384042228,FALSE,5005,"sparse",200,TRUE,NA,5,"sparse","main",NA,5
"oob_1sided",0.164226692021114,FALSE,5005,"sparse",200,TRUE,NA,5,"sparse","main",NA,5
"seq_rate",0.00621863566724028,TRUE,5006,"sparse",200,TRUE,NA,5,"sparse","main",NA,6
"calibration",0.000257597605591041,TRUE,5006,"sparse",200,TRUE,NA,5,"sparse","main",NA,6
"high_low",0.000150445720021312,TRUE,5006,"sparse",200,TRUE,NA,5,"sparse","main",NA,6
"oob_2sided",0.00500431408062917,TRUE,5006,"sparse",200,TRUE,NA,5,"sparse","main",NA,6
"oob_1sided",0.00250215704031459,TRUE,5006,"sparse",200,TRUE,NA,5,"sparse","main",NA,6
"seq_rate",0.141416029054449,FALSE,5007,"sparse",200,TRUE,NA,5,"sparse","main",NA,7
"calibration",0.368818529193946,FALSE,5007,"sparse",200,TRUE,NA,5,"sparse","main",NA,7
"high_low",0.273710753025992,FALSE,5007,"sparse",200,TRUE,NA,5,"sparse","main",NA,7
"oob_2sided",0.794715688377326,FALSE,5007,"sparse",200,TRUE,NA,5,"sparse","main",NA,7
"oob_1sided",0.397357844188663,FALSE,5007,"sparse",200,TRUE,NA,5,"sparse","main",NA,7
"seq_rate",0.365585768980764,FALSE,5008,"sparse",200,TRUE,NA,5,"sparse","main",NA,8
"calibration",0.0129282172011154,TRUE,5008,"sparse",200,TRUE,NA,5,"sparse","main",NA,8
"high_low",0.201914217166645,FALSE,5008,"sparse",200,TRUE,NA,5,"sparse","main",NA,8
"oob_2sided",0.30968652641282,FALSE,5008,"sparse",200,TRUE,NA,5,"sparse","main",NA,8
"oob_1sided",0.15484326320641,FALSE,5008,"sparse",200,TRUE,NA,5,"sparse","main",NA,8
"seq_rate",0.258407322058397,FALSE,5009,"sparse",200,TRUE,NA,5,"sparse","main",NA,9
"calibration",0.0825082671058468,FALSE,5009,"sparse",200,TRUE,NA,5,"sparse","main",NA,9
"high_low",0.0059144204828048,TRUE,5009,"sparse",200,TRUE,NA,5,"sparse","main",NA,9
"oob_2sided",0.687982085827134,FALSE,5009,"sparse",200,TRUE,NA,5,"sparse","main",NA,9
"oob_1sided",0.343991042913567,FALSE,5009,"sparse",200,TRUE,NA,5,"sparse","main",NA,9
"seq_rate",0.342796171264242,FALSE,5010,"sparse",200,TRUE,NA,5,"sparse","main",NA,10
"calibration",0.0240373638791861,TRUE,5010,"sparse",200,TRUE,NA,5,"sparse","main",NA,10
"high_low",0.262533055772492,FALSE,5010,"sparse",200,TRUE,NA,5,"sparse","main",NA,10
"oob_2sided",0.0198084240705509,TRUE,5010,"sparse",200,TRUE,NA,5,"sparse","main",NA,10
"oob_1sided",0.00990421203527546,TRUE,5010,"sparse",200,TRUE,NA,5,"sparse","main",NA,10
"seq_rate",0.0125697703628407,TRUE,5011,"sparse",200,TRUE,NA,5,"sparse","main",NA,11
"calibration",0.000127523670940506,TRUE,5011,"sparse",200,TRUE,NA,5,"sparse","main",NA,11
"high_low",0.00286711541992125,TRUE,5011,"sparse",200,TRUE,NA,5,"sparse","main",NA,11
"oob_2sided",0.0102562432978677,TRUE,5011,"sparse",200,TRUE,NA,5,"sparse","main",NA,11
"oob_1sided",0.00512812164893387,TRUE,5011,"sparse",200,TRUE,NA,5,"sparse","main",NA,11
"seq_rate",0.441263216570903,FALSE,5012,"sparse",200,TRUE,NA,5,"sparse","main",NA,12
"calibration",0.416945547323874,FALSE,5012,"sparse",200,TRUE,NA,5,"sparse","main",NA,12
"high_low",0.432442265753287,FALSE,5012,"sparse",200,TRUE,NA,5,"sparse","main",NA,12
"oob_2sided",0.86516812525633,FALSE,5012,"sparse",200,TRUE,NA,5,"sparse","main",NA,12
"oob_1sided",0.567415937371835,FALSE,5012,"sparse",200,TRUE,NA,5,"sparse","main",NA,12
"seq_rate",0.0115047005447791,TRUE,5013,"sparse",200,TRUE,NA,5,"sparse","main",NA,13
"calibration",0.00198883678381672,TRUE,5013,"sparse",200,TRUE,NA,5,"sparse","main",NA,13
"high_low",0.00661490202022728,TRUE,5013,"sparse",200,TRUE,NA,5,"sparse","main",NA,13
"oob_2sided",0.0113494854188112,TRUE,5013,"sparse",200,TRUE,NA,5,"sparse","main",NA,13
"oob_1sided",0.00567474270940558,TRUE,5013,"sparse",200,TRUE,NA,5,"sparse","main",NA,13
"seq_rate",0.131602836479225,FALSE,5014,"sparse",200,TRUE,NA,5,"sparse","main",NA,14
"calibration",0.000677763127873724,TRUE,5014,"sparse",200,TRUE,NA,5,"sparse","main",NA,14
"high_low",0.53459018713771,FALSE,5014,"sparse",200,TRUE,NA,5,"sparse","main",NA,14
"oob_2sided",0.354831569454368,FALSE,5014,"sparse",200,TRUE,NA,5,"sparse","main",NA,14
"oob_1sided",0.177415784727184,FALSE,5014,"sparse",200,TRUE,NA,5,"sparse","main",NA,14
"seq_rate",0.109576094169757,FALSE,5015,"sparse",200,TRUE,NA,5,"sparse","main",NA,15
"calibration",0.0278103757577213,TRUE,5015,"sparse",200,TRUE,NA,5,"sparse","main",NA,15
"high_low",0.655965224296954,FALSE,5015,"sparse",200,TRUE,NA,5,"sparse","main",NA,15
"oob_2sided",0.0493182866982267,TRUE,5015,"sparse",200,TRUE,NA,5,"sparse","main",NA,15
"oob_1sided",0.0246591433491133,TRUE,5015,"sparse",200,TRUE,NA,5,"sparse","main",NA,15
"seq_rate",0.0044978557997108,TRUE,5016,"sparse",200,TRUE,NA,5,"sparse","main",NA,16
"calibration",0.0791838721736657,FALSE,5016,"sparse",200,TRUE,NA,5,"sparse","main",NA,16
"high_low",0.00695766946204374,TRUE,5016,"sparse",200,TRUE,NA,5,"sparse","main",NA,16
"oob_2sided",0.72515282709682,FALSE,5016,"sparse",200,TRUE,NA,5,"sparse","main",NA,16
"oob_1sided",0.36257641354841,FALSE,5016,"sparse",200,TRUE,NA,5,"sparse","main",NA,16
"seq_rate",0.607130766668215,FALSE,5017,"sparse",200,TRUE,NA,5,"sparse","main",NA,17
"calibration",0.0143240230271462,TRUE,5017,"sparse",200,TRUE,NA,5,"sparse","main",NA,17
"high_low",0.0540233622807405,FALSE,5017,"sparse",200,TRUE,NA,5,"sparse","main",NA,17
"oob_2sided",0.123945043724388,FALSE,5017,"sparse",200,TRUE,NA,5,"sparse","main",NA,17
"oob_1sided",0.0619725218621939,FALSE,5017,"sparse",200,TRUE,NA,5,"sparse","main",NA,17
"seq_rate",0.415660222387669,FALSE,5018,"sparse",200,TRUE,NA,5,"sparse","main",NA,18
"calibration",0.656856927268287,FALSE,5018,"sparse",200,TRUE,NA,5,"sparse","main",NA,18
"high_low",0.601271985862349,FALSE,5018,"sparse",200,TRUE,NA,5,"sparse","main",NA,18
"oob_2sided",0.373360795780366,FALSE,5018,"sparse",200,TRUE,NA,5,"sparse","main",NA,18
"oob_1sided",0.813319602109817,FALSE,5018,"sparse",200,TRUE,NA,5,"sparse","main",NA,18
"seq_rate",0.0807369671469123,FALSE,5019,"sparse",200,TRUE,NA,5,"sparse","main",NA,19
"calibration",0.137776250146407,FALSE,5019,"sparse",200,TRUE,NA,5,"sparse","main",NA,19
"high_low",0.18294156581544,FALSE,5019,"sparse",200,TRUE,NA,5,"sparse","main",NA,19
"oob_2sided",0.198540370836659,FALSE,5019,"sparse",200,TRUE,NA,5,"sparse","main",NA,19
"oob_1sided",0.0992701854183293,FALSE,5019,"sparse",200,TRUE,NA,5,"sparse","main",NA,19
"seq_rate",0.0563686414161595,FALSE,5020,"sparse",200,TRUE,NA,5,"sparse","main",NA,20
"calibration",1.95050063704317e-05,TRUE,5020,"sparse",200,TRUE,NA,5,"sparse","main",NA,20
"high_low",0.00860573820062195,TRUE,5020,"sparse",200,TRUE,NA,5,"sparse","main",NA,20
"oob_2sided",0.000485858585164772,TRUE,5020,"sparse",200,TRUE,NA,5,"sparse","main",NA,20
"oob_1sided",0.000242929292582386,TRUE,5020,"sparse",200,TRUE,NA,5,"sparse","main",NA,20
"seq_rate",0.221612797042037,FALSE,6001,"sparse",300,TRUE,NA,6,"sparse","main",NA,1
"calibration",0.00400686423782302,TRUE,6001,"sparse",300,TRUE,NA,6,"sparse","main",NA,1
"high_low",0.00273742969716424,TRUE,6001,"sparse",300,TRUE,NA,6,"sparse","main",NA,1
"oob_2sided",0.179968900133006,FALSE,6001,"sparse",300,TRUE,NA,6,"sparse","main",NA,1
"oob_1sided",0.089984450066503,FALSE,6001,"sparse",300,TRUE,NA,6,"sparse","main",NA,1
"seq_rate",0.00482848966224128,TRUE,6002,"sparse",300,TRUE,NA,6,"sparse","main",NA,2
"calibration",5.06751544657539e-07,TRUE,6002,"sparse",300,TRUE,NA,6,"sparse","main",NA,2
"high_low",0.00141018492886735,TRUE,6002,"sparse",300,TRUE,NA,6,"sparse","main",NA,2
"oob_2sided",0.000599605453282652,TRUE,6002,"sparse",300,TRUE,NA,6,"sparse","main",NA,2
"oob_1sided",0.000299802726641326,TRUE,6002,"sparse",300,TRUE,NA,6,"sparse","main",NA,2
"seq_rate",8.37190390673044e-06,TRUE,6003,"sparse",300,TRUE,NA,6,"sparse","main",NA,3
"calibration",6.24713273049161e-07,TRUE,6003,"sparse",300,TRUE,NA,6,"sparse","main",NA,3
"high_low",0.000160613662631666,TRUE,6003,"sparse",300,TRUE,NA,6,"sparse","main",NA,3
"oob_2sided",0.00622227707097329,TRUE,6003,"sparse",300,TRUE,NA,6,"sparse","main",NA,3
"oob_1sided",0.00311113853548664,TRUE,6003,"sparse",300,TRUE,NA,6,"sparse","main",NA,3
"seq_rate",0.0208948126314013,TRUE,6004,"sparse",300,TRUE,NA,6,"sparse","main",NA,4
"calibration",0.00376655470693904,TRUE,6004,"sparse",300,TRUE,NA,6,"sparse","main",NA,4
"high_low",0.58092877017485,FALSE,6004,"sparse",300,TRUE,NA,6,"sparse","main",NA,4
"oob_2sided",0.198620941912932,FALSE,6004,"sparse",300,TRUE,NA,6,"sparse","main",NA,4
"oob_1sided",0.099310470956466,FALSE,6004,"sparse",300,TRUE,NA,6,"sparse","main",NA,4
"seq_rate",0.0155699926764287,TRUE,6005,"sparse",300,TRUE,NA,6,"sparse","main",NA,5
"calibration",0.0458632755217641,TRUE,6005,"sparse",300,TRUE,NA,6,"sparse","main",NA,5
"high_low",0.365294305978111,FALSE,6005,"sparse",300,TRUE,NA,6,"sparse","main",NA,5
"oob_2sided",0.131316407023991,FALSE,6005,"sparse",300,TRUE,NA,6,"sparse","main",NA,5
"oob_1sided",0.0656582035119955,FALSE,6005,"sparse",300,TRUE,NA,6,"sparse","main",NA,5
"seq_rate",0.0888841856494311,FALSE,6006,"sparse",300,TRUE,NA,6,"sparse","main",NA,6
"calibration",0.0156135531872403,TRUE,6006,"sparse",300,TRUE,NA,6,"sparse","main",NA,6
"high_low",0.0150978833796759,TRUE,6006,"sparse",300,TRUE,NA,6,"sparse","main",NA,6
"oob_2sided",0.276404433268106,FALSE,6006,"sparse",300,TRUE,NA,6,"sparse","main",NA,6
"oob_1sided",0.138202216634053,FALSE,6006,"sparse",300,TRUE,NA,6,"sparse","main",NA,6
"seq_rate",0.00991164792663439,TRUE,6007,"sparse",300,TRUE,NA,6,"sparse","main",NA,7
"calibration",4.15914241991893e-05,TRUE,6007,"sparse",300,TRUE,NA,6,"sparse","main",NA,7
"high_low",0.0152797985842663,TRUE,6007,"sparse",300,TRUE,NA,6,"sparse","main",NA,7
"oob_2sided",0.00383732659783823,TRUE,6007,"sparse",300,TRUE,NA,6,"sparse","main",NA,7
"oob_1sided",0.00191866329891911,TRUE,6007,"sparse",300,TRUE,NA,6,"sparse","main",NA,7
"seq_rate",0.00740875400749897,TRUE,6008,"sparse",300,TRUE,NA,6,"sparse","main",NA,8
"calibration",1.55709813304165e-05,TRUE,6008,"sparse",300,TRUE,NA,6,"sparse","main",NA,8
"high_low",0.00192324861033649,TRUE,6008,"sparse",300,TRUE,NA,6,"sparse","main",NA,8
"oob_2sided",0.000412581175234574,TRUE,6008,"sparse",300,TRUE,NA,6,"sparse","main",NA,8
"oob_1sided",0.000206290587617287,TRUE,6008,"sparse",300,TRUE,NA,6,"sparse","main",NA,8
"seq_rate",0.00200507907513569,TRUE,6009,"sparse",300,TRUE,NA,6,"sparse","main",NA,9
"calibration",0.00197477940310153,TRUE,6009,"sparse",300,TRUE,NA,6,"sparse","main",NA,9
"high_low",0.518535710616931,FALSE,6009,"sparse",300,TRUE,NA,6,"sparse","main",NA,9
"oob_2sided",0.000293390660266253,TRUE,6009,"sparse",300,TRUE,NA,6,"sparse","main",NA,9
"oob_1sided",0.000146695330133127,TRUE,6009,"sparse",300,TRUE,NA,6,"sparse","main",NA,9
"seq_rate",0.0224118514260573,TRUE,6010,"sparse",300,TRUE,NA,6,"sparse","main",NA,10
"calibration",1.25600747416322e-06,TRUE,6010,"sparse",300,TRUE,NA,6,"sparse","main",NA,10
"high_low",0.000447587388121806,TRUE,6010,"sparse",300,TRUE,NA,6,"sparse","main",NA,10
"oob_2sided",0.00422841302566516,TRUE,6010,"sparse",300,TRUE,NA,6,"sparse","main",NA,10
"oob_1sided",0.00211420651283258,TRUE,6010,"sparse",300,TRUE,NA,6,"sparse","main",NA,10
"seq_rate",0.433372915266689,FALSE,6011,"sparse",300,TRUE,NA,6,"sparse","main",NA,11
"calibration",0.0107286511552458,TRUE,6011,"sparse",300,TRUE,NA,6,"sparse","main",NA,11
"high_low",0.560394652670005,FALSE,6011,"sparse",300,TRUE,NA,6,"sparse","main",NA,11
"oob_2sided",0.220901786415122,FALSE,6011,"sparse",300,TRUE,NA,6,"sparse","main",NA,11
"oob_1sided",0.110450893207561,FALSE,6011,"sparse",300,TRUE,NA,6,"sparse","main",NA,11
"seq_rate",0.000547636719549969,TRUE,6012,"sparse",300,TRUE,NA,6,"sparse","main",NA,12
"calibration",1.32514955236273e-07,TRUE,6012,"sparse",300,TRUE,NA,6,"sparse","main",NA,12
"high_low",0.000672601380854746,TRUE,6012,"sparse",300,TRUE,NA,6,"sparse","main",NA,12
"oob_2sided",0.000174992834071891,TRUE,6012,"sparse",300,TRUE,NA,6,"sparse","main",NA,12
"oob_1sided",8.74964170359456e-05,TRUE,6012,"sparse",300,TRUE,NA,6,"sparse","main",NA,12
"seq_rate",0.0306864968370196,TRUE,6013,"sparse",300,TRUE,NA,6,"sparse","main",NA,13
"calibration",0.0459147839511087,TRUE,6013,"sparse",300,TRUE,NA,6,"sparse","main",NA,13
"high_low",0.0653101815253183,FALSE,6013,"sparse",300,TRUE,NA,6,"sparse","main",NA,13
"oob_2sided",0.176670615786298,FALSE,6013,"sparse",300,TRUE,NA,6,"sparse","main",NA,13
"oob_1sided",0.0883353078931488,FALSE,6013,"sparse",300,TRUE,NA,6,"sparse","main",NA,13
"seq_rate",0.0686975406212572,FALSE,6014,"sparse",300,TRUE,NA,6,"sparse","main",NA,14
"calibration",3.37678468995514e-05,TRUE,6014,"sparse",300,TRUE,NA,6,"sparse","main",NA,14
"high_low",0.0118027255687734,TRUE,6014,"sparse",300,TRUE,NA,6,"sparse","main",NA,14
"oob_2sided",0.00353283767880171,TRUE,6014,"sparse",300,TRUE,NA,6,"sparse","main",NA,14
"oob_1sided",0.00176641883940085,TRUE,6014,"sparse",300,TRUE,NA,6,"sparse","main",NA,14
"seq_rate",0.00180680394034866,TRUE,6015,"sparse",300,TRUE,NA,6,"sparse","main",NA,15
"calibration",8.18110968621548e-06,TRUE,6015,"sparse",300,TRUE,NA,6,"sparse","main",NA,15
"high_low",0.00435383735173194,TRUE,6015,"sparse",300,TRUE,NA,6,"sparse","main",NA,15
"oob_2sided",0.00421421156754146,TRUE,6015,"sparse",300,TRUE,NA,6,"sparse","main",NA,15
"oob_1sided",0.00210710578377073,TRUE,6015,"sparse",300,TRUE,NA,6,"sparse","main",NA,15
"seq_rate",0.0521916051279234,FALSE,6016,"sparse",300,TRUE,NA,6,"sparse","main",NA,16
"calibration",0.000288209977793495,TRUE,6016,"sparse",300,TRUE,NA,6,"sparse","main",NA,16
"high_low",0.0423581729016458,TRUE,6016,"sparse",300,TRUE,NA,6,"sparse","main",NA,16
"oob_2sided",0.168745470419161,FALSE,6016,"sparse",300,TRUE,NA,6,"sparse","main",NA,16
"oob_1sided",0.0843727352095807,FALSE,6016,"sparse",300,TRUE,NA,6,"sparse","main",NA,16
"seq_rate",0.0033570608704458,TRUE,6017,"sparse",300,TRUE,NA,6,"sparse","main",NA,17
"calibration",1.95027735482108e-08,TRUE,6017,"sparse",300,TRUE,NA,6,"sparse","main",NA,17
"high_low",0.0158290011480427,TRUE,6017,"sparse",300,TRUE,NA,6,"sparse","main",NA,17
"oob_2sided",9.75638685507109e-05,TRUE,6017,"sparse",300,TRUE,NA,6,"sparse","main",NA,17
"oob_1sided",4.87819342753554e-05,TRUE,6017,"sparse",300,TRUE,NA,6,"sparse","main",NA,17
"seq_rate",0.028465238653326,TRUE,6018,"sparse",300,TRUE,NA,6,"sparse","main",NA,18
"calibration",0.00149439411043337,TRUE,6018,"sparse",300,TRUE,NA,6,"sparse","main",NA,18
"high_low",0.00094364850787563,TRUE,6018,"sparse",300,TRUE,NA,6,"sparse","main",NA,18
"oob_2sided",0.236953418376999,FALSE,6018,"sparse",300,TRUE,NA,6,"sparse","main",NA,18
"oob_1sided",0.1184767091885,FALSE,6018,"sparse",300,TRUE,NA,6,"sparse","main",NA,18
"seq_rate",2.82022139938578e-06,TRUE,6019,"sparse",300,TRUE,NA,6,"sparse","main",NA,19
"calibration",2.54765051301048e-10,TRUE,6019,"sparse",300,TRUE,NA,6,"sparse","main",NA,19
"high_low",3.26952755043539e-07,TRUE,6019,"sparse",300,TRUE,NA,6,"sparse","main",NA,19
"oob_2sided",6.20749229611004e-08,TRUE,6019,"sparse",300,TRUE,NA,6,"sparse","main",NA,19
"oob_1sided",3.10374614805502e-08,TRUE,6019,"sparse",300,TRUE,NA,6,"sparse","main",NA,19
"seq_rate",0.0318410557905178,TRUE,6020,"sparse",300,TRUE,NA,6,"sparse","main",NA,20
"calibration",8.45508920396318e-05,TRUE,6020,"sparse",300,TRUE,NA,6,"sparse","main",NA,20
"high_low",0.109820442039742,FALSE,6020,"sparse",300,TRUE,NA,6,"sparse","main",NA,20
"oob_2sided",0.0035454428201544,TRUE,6020,"sparse",300,TRUE,NA,6,"sparse","main",NA,20
"oob_1sided",0.0017727214100772,TRUE,6020,"sparse",300,TRUE,NA,6,"sparse","main",NA,20
"seq_rate",2.48912571432204e-05,TRUE,7001,"strong",200,TRUE,NA,7,"strong","main",NA,1
"calibration",1.46554563000501e-14,TRUE,7001,"strong",200,TRUE,NA,7,"strong","main",NA,1
"high_low",2.64348304135456e-12,TRUE,7001,"strong",200,TRUE,NA,7,"strong","main",NA,1
"oob_2sided",2.58109242151445e-07,TRUE,7001,"strong",200,TRUE,NA,7,"strong","main",NA,1
"oob_1sided",1.29054621075722e-07,TRUE,7001,"strong",200,TRUE,NA,7,"strong","main",NA,1
"seq_rate",1.65492260126352e-06,TRUE,7002,"strong",200,TRUE,NA,7,"strong","main",NA,2
"calibration",3.46907969330495e-12,TRUE,7002,"strong",200,TRUE,NA,7,"strong","main",NA,2
"high_low",2.95870403888837e-10,TRUE,7002,"strong",200,TRUE,NA,7,"strong","main",NA,2
"oob_2sided",2.17299992887486e-05,TRUE,7002,"strong",200,TRUE,NA,7,"strong","main",NA,2
"oob_1sided",1.08649996443743e-05,TRUE,7002,"strong",200,TRUE,NA,7,"strong","main",NA,2
"seq_rate",0.00216925968048944,TRUE,7003,"strong",200,TRUE,NA,7,"strong","main",NA,3
"calibration",7.47246273462013e-09,TRUE,7003,"strong",200,TRUE,NA,7,"strong","main",NA,3
"high_low",3.69060193890818e-07,TRUE,7003,"strong",200,TRUE,NA,7,"strong","main",NA,3
"oob_2sided",2.54798796509694e-06,TRUE,7003,"strong",200,TRUE,NA,7,"strong","main",NA,3
"oob_1sided",1.27399398254847e-06,TRUE,7003,"strong",200,TRUE,NA,7,"strong","main",NA,3
"seq_rate",7.04867247546228e-08,TRUE,7004,"strong",200,TRUE,NA,7,"strong","main",NA,4
"calibration",3.38115170733394e-14,TRUE,7004,"strong",200,TRUE,NA,7,"strong","main",NA,4
"high_low",1.66247298734871e-10,TRUE,7004,"strong",200,TRUE,NA,7,"strong","main",NA,4
"oob_2sided",3.97752207265167e-08,TRUE,7004,"strong",200,TRUE,NA,7,"strong","main",NA,4
"oob_1sided",1.98876103632584e-08,TRUE,7004,"strong",200,TRUE,NA,7,"strong","main",NA,4
"seq_rate",3.08082786100432e-08,TRUE,7005,"strong",200,TRUE,NA,7,"strong","main",NA,5
"calibration",4.21968591685893e-20,TRUE,7005,"strong",200,TRUE,NA,7,"strong","main",NA,5
"high_low",6.14755535846999e-15,TRUE,7005,"strong",200,TRUE,NA,7,"strong","main",NA,5
"oob_2sided",2.14990105668481e-27,TRUE,7005,"strong",200,TRUE,NA,7,"strong","main",NA,5
"oob_1sided",1.07495052834241e-27,TRUE,7005,"strong",200,TRUE,NA,7,"strong","main",NA,5
"seq_rate",1.76816803071277e-06,TRUE,7006,"strong",200,TRUE,NA,7,"strong","main",NA,6
"calibration",1.1946757946368e-16,TRUE,7006,"strong",200,TRUE,NA,7,"strong","main",NA,6
"high_low",1.55901808937242e-10,TRUE,7006,"strong",200,TRUE,NA,7,"strong","main",NA,6
"oob_2sided",1.6420841084577e-12,TRUE,7006,"strong",200,TRUE,NA,7,"strong","main",NA,6
"oob_1sided",8.21042054228849e-13,TRUE,7006,"strong",200,TRUE,NA,7,"strong","main",NA,6
"seq_rate",2.67316336034241e-06,TRUE,7007,"strong",200,TRUE,NA,7,"strong","main",NA,7
"calibration",9.41715889671471e-18,TRUE,7007,"strong",200,TRUE,NA,7,"strong","main",NA,7
"high_low",5.57720117813522e-13,TRUE,7007,"strong",200,TRUE,NA,7,"strong","main",NA,7
"oob_2sided",1.73912123229547e-13,TRUE,7007,"strong",200,TRUE,NA,7,"strong","main",NA,7
"oob_1sided",8.69560616147733e-14,TRUE,7007,"strong",200,TRUE,NA,7,"strong","main",NA,7
"seq_rate",7.59764461584536e-08,TRUE,7008,"strong",200,TRUE,NA,7,"strong","main",NA,8
"calibration",7.48617126945936e-16,TRUE,7008,"strong",200,TRUE,NA,7,"strong","main",NA,8
"high_low",9.92027753662841e-17,TRUE,7008,"strong",200,TRUE,NA,7,"strong","main",NA,8
"oob_2sided",1.64843615572954e-11,TRUE,7008,"strong",200,TRUE,NA,7,"strong","main",NA,8
"oob_1sided",8.24218077864768e-12,TRUE,7008,"strong",200,TRUE,NA,7,"strong","main",NA,8
"seq_rate",1.84227281345237e-05,TRUE,7009,"strong",200,TRUE,NA,7,"strong","main",NA,9
"calibration",1.31046143460256e-14,TRUE,7009,"strong",200,TRUE,NA,7,"strong","main",NA,9
"high_low",8.57285560454287e-18,TRUE,7009,"strong",200,TRUE,NA,7,"strong","main",NA,9
"oob_2sided",5.21133807852729e-07,TRUE,7009,"strong",200,TRUE,NA,7,"strong","main",NA,9
"oob_1sided",2.60566903926364e-07,TRUE,7009,"strong",200,TRUE,NA,7,"strong","main",NA,9
"seq_rate",1.3567077228451e-07,TRUE,7010,"strong",200,TRUE,NA,7,"strong","main",NA,10
"calibration",5.5496981860457e-08,TRUE,7010,"strong",200,TRUE,NA,7,"strong","main",NA,10
"high_low",1.39425907498372e-09,TRUE,7010,"strong",200,TRUE,NA,7,"strong","main",NA,10
"oob_2sided",0.00495040335030118,TRUE,7010,"strong",200,TRUE,NA,7,"strong","main",NA,10
"oob_1sided",0.00247520167515059,TRUE,7010,"strong",200,TRUE,NA,7,"strong","main",NA,10
"seq_rate",0.00026425081735827,TRUE,7011,"strong",200,TRUE,NA,7,"strong","main",NA,11
"calibration",3.6193967577555e-14,TRUE,7011,"strong",200,TRUE,NA,7,"strong","main",NA,11
"high_low",4.05739040984143e-12,TRUE,7011,"strong",200,TRUE,NA,7,"strong","main",NA,11
"oob_2sided",5.12923176807049e-09,TRUE,7011,"strong",200,TRUE,NA,7,"strong","main",NA,11
"oob_1sided",2.56461588403524e-09,TRUE,7011,"strong",200,TRUE,NA,7,"strong","main",NA,11
"seq_rate",8.16644161175123e-08,TRUE,7012,"strong",200,TRUE,NA,7,"strong","main",NA,12
"calibration",1.16177005188162e-19,TRUE,7012,"strong",200,TRUE,NA,7,"strong","main",NA,12
"high_low",6.79627889090755e-12,TRUE,7012,"strong",200,TRUE,NA,7,"strong","main",NA,12
"oob_2sided",6.32929955528547e-16,TRUE,7012,"strong",200,TRUE,NA,7,"strong","main",NA,12
"oob_1sided",3.16464977764273e-16,TRUE,7012,"strong",200,TRUE,NA,7,"strong","main",NA,12
"seq_rate",5.73185262435903e-05,TRUE,7013,"strong",200,TRUE,NA,7,"strong","main",NA,13
"calibration",5.59997017025938e-15,TRUE,7013,"strong",200,TRUE,NA,7,"strong","main",NA,13
"high_low",3.3620240483015e-16,TRUE,7013,"strong",200,TRUE,NA,7,"strong","main",NA,13
"oob_2sided",8.49800476349664e-08,TRUE,7013,"strong",200,TRUE,NA,7,"strong","main",NA,13
"oob_1sided",4.24900238174832e-08,TRUE,7013,"strong",200,TRUE,NA,7,"strong","main",NA,13
"seq_rate",2.06464108814267e-05,TRUE,7014,"strong",200,TRUE,NA,7,"strong","main",NA,14
"calibration",1.26460803670428e-14,TRUE,7014,"strong",200,TRUE,NA,7,"strong","main",NA,14
"high_low",2.07989395553106e-10,TRUE,7014,"strong",200,TRUE,NA,7,"strong","main",NA,14
"oob_2sided",5.88512252816377e-11,TRUE,7014,"strong",200,TRUE,NA,7,"strong","main",NA,14
"oob_1sided",2.94256126408189e-11,TRUE,7014,"strong",200,TRUE,NA,7,"strong","main",NA,14
"seq_rate",6.45393979853456e-07,TRUE,7015,"strong",200,TRUE,NA,7,"strong","main",NA,15
"calibration",1.51131101982623e-15,TRUE,7015,"strong",200,TRUE,NA,7,"strong","main",NA,15
"high_low",1.16951943946619e-09,TRUE,7015,"strong",200,TRUE,NA,7,"strong","main",NA,15
"oob_2sided",1.52070406581322e-07,TRUE,7015,"strong",200,TRUE,NA,7,"strong","main",NA,15
"oob_1sided",7.60352032906611e-08,TRUE,7015,"strong",200,TRUE,NA,7,"strong","main",NA,15
"seq_rate",3.65387511182847e-07,TRUE,7016,"strong",200,TRUE,NA,7,"strong","main",NA,16
"calibration",1.68168232196662e-11,TRUE,7016,"strong",200,TRUE,NA,7,"strong","main",NA,16
"high_low",1.77223177265398e-07,TRUE,7016,"strong",200,TRUE,NA,7,"strong","main",NA,16
"oob_2sided",1.40023658874234e-06,TRUE,7016,"strong",200,TRUE,NA,7,"strong","main",NA,16
"oob_1sided",7.00118294371168e-07,TRUE,7016,"strong",200,TRUE,NA,7,"strong","main",NA,16
"seq_rate",1.78152698170805e-06,TRUE,7017,"strong",200,TRUE,NA,7,"strong","main",NA,17
"calibration",2.61579711812277e-09,TRUE,7017,"strong",200,TRUE,NA,7,"strong","main",NA,17
"high_low",4.20321980193881e-10,TRUE,7017,"strong",200,TRUE,NA,7,"strong","main",NA,17
"oob_2sided",1.21176896124935e-05,TRUE,7017,"strong",200,TRUE,NA,7,"strong","main",NA,17
"oob_1sided",6.05884480624673e-06,TRUE,7017,"strong",200,TRUE,NA,7,"strong","main",NA,17
"seq_rate",1.1826078185344e-10,TRUE,7018,"strong",200,TRUE,NA,7,"strong","main",NA,18
"calibration",1.06830974270681e-16,TRUE,7018,"strong",200,TRUE,NA,7,"strong","main",NA,18
"high_low",1.35960348002955e-15,TRUE,7018,"strong",200,TRUE,NA,7,"strong","main",NA,18
"oob_2sided",7.89581718624266e-09,TRUE,7018,"strong",200,TRUE,NA,7,"strong","main",NA,18
"oob_1sided",3.94790859312133e-09,TRUE,7018,"strong",200,TRUE,NA,7,"strong","main",NA,18
"seq_rate",5.84040288082644e-05,TRUE,7019,"strong",200,TRUE,NA,7,"strong","main",NA,19
"calibration",3.92481012632915e-13,TRUE,7019,"strong",200,TRUE,NA,7,"strong","main",NA,19
"high_low",3.15433455182551e-10,TRUE,7019,"strong",200,TRUE,NA,7,"strong","main",NA,19
"oob_2sided",5.24426557109998e-06,TRUE,7019,"strong",200,TRUE,NA,7,"strong","main",NA,19
"oob_1sided",2.62213278554999e-06,TRUE,7019,"strong",200,TRUE,NA,7,"strong","main",NA,19
"seq_rate",6.61298397985405e-06,TRUE,7020,"strong",200,TRUE,NA,7,"strong","main",NA,20
"calibration",1.46731654853915e-16,TRUE,7020,"strong",200,TRUE,NA,7,"strong","main",NA,20
"high_low",2.60617897214321e-15,TRUE,7020,"strong",200,TRUE,NA,7,"strong","main",NA,20
"oob_2sided",1.22726368638616e-08,TRUE,7020,"strong",200,TRUE,NA,7,"strong","main",NA,20
"oob_1sided",6.13631843193081e-09,TRUE,7020,"strong",200,TRUE,NA,7,"strong","main",NA,20
"seq_rate",1.35700597924217e-07,TRUE,8001,"strong",300,TRUE,NA,8,"strong","main",NA,1
"calibration",1.72070620125673e-23,TRUE,8001,"strong",300,TRUE,NA,8,"strong","main",NA,1
"high_low",4.69446057595872e-15,TRUE,8001,"strong",300,TRUE,NA,8,"strong","main",NA,1
"oob_2sided",3.38065398526575e-18,TRUE,8001,"strong",300,TRUE,NA,8,"strong","main",NA,1
"oob_1sided",1.69032699263288e-18,TRUE,8001,"strong",300,TRUE,NA,8,"strong","main",NA,1
"seq_rate",1.02959837865814e-16,TRUE,8002,"strong",300,TRUE,NA,8,"strong","main",NA,2
"calibration",5.91975426513272e-23,TRUE,8002,"strong",300,TRUE,NA,8,"strong","main",NA,2
"high_low",5.11531837080981e-18,TRUE,8002,"strong",300,TRUE,NA,8,"strong","main",NA,2
"oob_2sided",4.50728847726079e-19,TRUE,8002,"strong",300,TRUE,NA,8,"strong","main",NA,2
"oob_1sided",2.25364423863039e-19,TRUE,8002,"strong",300,TRUE,NA,8,"strong","main",NA,2
"seq_rate",1.91876149336987e-09,TRUE,8003,"strong",300,TRUE,NA,8,"strong","main",NA,3
"calibration",1.54660299960489e-21,TRUE,8003,"strong",300,TRUE,NA,8,"strong","main",NA,3
"high_low",5.55199035325852e-17,TRUE,8003,"strong",300,TRUE,NA,8,"strong","main",NA,3
"oob_2sided",1.86367931824172e-10,TRUE,8003,"strong",300,TRUE,NA,8,"strong","main",NA,3
"oob_1sided",9.3183965912086e-11,TRUE,8003,"strong",300,TRUE,NA,8,"strong","main",NA,3
"seq_rate",1.90084059025754e-12,TRUE,8004,"strong",300,TRUE,NA,8,"strong","main",NA,4
"calibration",1.83853456284619e-27,TRUE,8004,"strong",300,TRUE,NA,8,"strong","main",NA,4
"high_low",2.00665669602231e-21,TRUE,8004,"strong",300,TRUE,NA,8,"strong","main",NA,4
"oob_2sided",7.33915081397825e-19,TRUE,8004,"strong",300,TRUE,NA,8,"strong","main",NA,4
"oob_1sided",3.66957540698913e-19,TRUE,8004,"strong",300,TRUE,NA,8,"strong","main",NA,4
"seq_rate",1.46826860049414e-13,TRUE,8005,"strong",300,TRUE,NA,8,"strong","main",NA,5
"calibration",1.04941685347583e-22,TRUE,8005,"strong",300,TRUE,NA,8,"strong","main",NA,5
"high_low",6.02366517288976e-14,TRUE,8005,"strong",300,TRUE,NA,8,"strong","main",NA,5
"oob_2sided",1.21155039581382e-13,TRUE,8005,"strong",300,TRUE,NA,8,"strong","main",NA,5
"oob_1sided",6.05775197906909e-14,TRUE,8005,"strong",300,TRUE,NA,8,"strong","main",NA,5
"seq_rate",5.14400924638611e-15,TRUE,8006,"strong",300,TRUE,NA,8,"strong","main",NA,6
"calibration",4.94043157377961e-22,TRUE,8006,"strong",300,TRUE,NA,8,"strong","main",NA,6
"high_low",3.11155033981414e-11,TRUE,8006,"strong",300,TRUE,NA,8,"strong","main",NA,6
"oob_2sided",1.85065984673913e-10,TRUE,8006,"strong",300,TRUE,NA,8,"strong","main",NA,6
"oob_1sided",9.25329923369566e-11,TRUE,8006,"strong",300,TRUE,NA,8,"strong","main",NA,6
"seq_rate",4.60943588400032e-12,TRUE,8007,"strong",300,TRUE,NA,8,"strong","main",NA,7
"calibration",3.1146000701456e-27,TRUE,8007,"strong",300,TRUE,NA,8,"strong","main",NA,7
"high_low",1.10147783117916e-22,TRUE,8007,"strong",300,TRUE,NA,8,"strong","main",NA,7
"oob_2sided",6.6027302239935e-28,TRUE,8007,"strong",300,TRUE,NA,8,"strong","main",NA,7
"oob_1sided",3.30136511199675e-28,TRUE,8007,"strong",300,TRUE,NA,8,"strong","main",NA,7
"seq_rate",2.34262017973276e-11,TRUE,8008,"strong",300,TRUE,NA,8,"strong","main",NA,8
"calibration",1.41691298071637e-31,TRUE,8008,"strong",300,TRUE,NA,8,"strong","main",NA,8
"high_low",1.10695759582023e-15,TRUE,8008,"strong",300,TRUE,NA,8,"strong","main",NA,8
"oob_2sided",3.1883924212347e-33,TRUE,8008,"strong",300,TRUE,NA,8,"strong","main",NA,8
"oob_1sided",1.59419621061735e-33,TRUE,8008,"strong",300,TRUE,NA,8,"strong","main",NA,8
"seq_rate",9.46755049934188e-13,TRUE,8009,"strong",300,TRUE,NA,8,"strong","main",NA,9
"calibration",2.73340897047377e-27,TRUE,8009,"strong",300,TRUE,NA,8,"strong","main",NA,9
"high_low",1.81018075036531e-15,TRUE,8009,"strong",300,TRUE,NA,8,"strong","main",NA,9
"oob_2sided",4.32121231058297e-19,TRUE,8009,"strong",300,TRUE,NA,8,"strong","main",NA,9
"oob_1sided",2.16060615529149e-19,TRUE,8009,"strong",300,TRUE,NA,8,"strong","main",NA,9
"seq_rate",4.32135816211651e-12,TRUE,8010,"strong",300,TRUE,NA,8,"strong","main",NA,10
"calibration",3.80631047089218e-24,TRUE,8010,"strong",300,TRUE,NA,8,"strong","main",NA,10
"high_low",5.26525851380662e-21,TRUE,8010,"strong",300,TRUE,NA,8,"strong","main",NA,10
"oob_2sided",8.83522475344112e-19,TRUE,8010,"strong",300,TRUE,NA,8,"strong","main",NA,10
"oob_1sided",4.41761237672056e-19,TRUE,8010,"strong",300,TRUE,NA,8,"strong","main",NA,10
"seq_rate",8.92028934521635e-08,TRUE,8011,"strong",300,TRUE,NA,8,"strong","main",NA,11
"calibration",1.3962212851486e-19,TRUE,8011,"strong",300,TRUE,NA,8,"strong","main",NA,11
"high_low",3.68065848705245e-17,TRUE,8011,"strong",300,TRUE,NA,8,"strong","main",NA,11
"oob_2sided",7.24640511955368e-15,TRUE,8011,"strong",300,TRUE,NA,8,"strong","main",NA,11
"oob_1sided",3.62320255977684e-15,TRUE,8011,"strong",300,TRUE,NA,8,"strong","main",NA,11
"seq_rate",8.93587686727363e-11,TRUE,8012,"strong",300,TRUE,NA,8,"strong","main",NA,12
"calibration",8.63014718586373e-27,TRUE,8012,"strong",300,TRUE,NA,8,"strong","main",NA,12
"high_low",1.75420901327679e-17,TRUE,8012,"strong",300,TRUE,NA,8,"strong","main",NA,12
"oob_2sided",4.23486562243506e-14,TRUE,8012,"strong",300,TRUE,NA,8,"strong","main",NA,12
"oob_1sided",2.11743281121753e-14,TRUE,8012,"strong",300,TRUE,NA,8,"strong","main",NA,12
"seq_rate",1.2690590893377e-13,TRUE,8013,"strong",300,TRUE,NA,8,"strong","main",NA,13
"calibration",6.40644086633393e-23,TRUE,8013,"strong",300,TRUE,NA,8,"strong","main",NA,13
"high_low",1.62815355363378e-21,TRUE,8013,"strong",300,TRUE,NA,8,"strong","main",NA,13
"oob_2sided",4.61254565375989e-14,TRUE,8013,"strong",300,TRUE,NA,8,"strong","main",NA,13
"oob_1sided",2.30627282687994e-14,TRUE,8013,"strong",300,TRUE,NA,8,"strong","main",NA,13
"seq_rate",5.9025706090859e-10,TRUE,8014,"strong",300,TRUE,NA,8,"strong","main",NA,14
"calibration",3.25223750325412e-24,TRUE,8014,"strong",300,TRUE,NA,8,"strong","main",NA,14
"high_low",1.26455064285917e-17,TRUE,8014,"strong",300,TRUE,NA,8,"strong","main",NA,14
"oob_2sided",3.0344431114786e-19,TRUE,8014,"strong",300,TRUE,NA,8,"strong","main",NA,14
"oob_1sided",1.5172215557393e-19,TRUE,8014,"strong",300,TRUE,NA,8,"strong","main",NA,14
"seq_rate",2.59138072121526e-14,TRUE,8015,"strong",300,TRUE,NA,8,"strong","main",NA,15
"calibration",6.29490342917912e-21,TRUE,8015,"strong",300,TRUE,NA,8,"strong","main",NA,15
"high_low",8.04280091526776e-13,TRUE,8015,"strong",300,TRUE,NA,8,"strong","main",NA,15
"oob_2sided",2.3716755188883e-18,TRUE,8015,"strong",300,TRUE,NA,8,"strong","main",NA,15
"oob_1sided",1.18583775944415e-18,TRUE,8015,"strong",300,TRUE,NA,8,"strong","main",NA,15
"seq_rate",9.56187075047566e-21,TRUE,8016,"strong",300,TRUE,NA,8,"strong","main",NA,16
"calibration",1.88557631876246e-25,TRUE,8016,"strong",300,TRUE,NA,8,"strong","main",NA,16
"high_low",9.19765413989223e-17,TRUE,8016,"strong",300,TRUE,NA,8,"strong","main",NA,16
"oob_2sided",3.05882078648324e-20,TRUE,8016,"strong",300,TRUE,NA,8,"strong","main",NA,16
"oob_1sided",1.52941039324162e-20,TRUE,8016,"strong",300,TRUE,NA,8,"strong","main",NA,16
"seq_rate",1.39920255092718e-11,TRUE,8017,"strong",300,TRUE,NA,8,"strong","main",NA,17
"calibration",3.24621348948741e-28,TRUE,8017,"strong",300,TRUE,NA,8,"strong","main",NA,17
"high_low",3.05855657046353e-20,TRUE,8017,"strong",300,TRUE,NA,8,"strong","main",NA,17
"oob_2sided",7.25614783623304e-20,TRUE,8017,"strong",300,TRUE,NA,8,"strong","main",NA,17
"oob_1sided",3.62807391811652e-20,TRUE,8017,"strong",300,TRUE,NA,8,"strong","main",NA,17
"seq_rate",1.18028102526118e-09,TRUE,8018,"strong",300,TRUE,NA,8,"strong","main",NA,18
"calibration",2.55557235651719e-21,TRUE,8018,"strong",300,TRUE,NA,8,"strong","main",NA,18
"high_low",7.60729506325765e-15,TRUE,8018,"strong",300,TRUE,NA,8,"strong","main",NA,18
"oob_2sided",3.36561571660893e-12,TRUE,8018,"strong",300,TRUE,NA,8,"strong","main",NA,18
"oob_1sided",1.68280785830446e-12,TRUE,8018,"strong",300,TRUE,NA,8,"strong","main",NA,18
"seq_rate",2.6122716014912e-08,TRUE,8019,"strong",300,TRUE,NA,8,"strong","main",NA,19
"calibration",1.51457332019546e-19,TRUE,8019,"strong",300,TRUE,NA,8,"strong","main",NA,19
"high_low",4.52724310511327e-14,TRUE,8019,"strong",300,TRUE,NA,8,"strong","main",NA,19
"oob_2sided",7.25170318491591e-08,TRUE,8019,"strong",300,TRUE,NA,8,"strong","main",NA,19
"oob_1sided",3.62585159245795e-08,TRUE,8019,"strong",300,TRUE,NA,8,"strong","main",NA,19
"seq_rate",3.93927296433989e-06,TRUE,8020,"strong",300,TRUE,NA,8,"strong","main",NA,20
"calibration",3.78236631292048e-15,TRUE,8020,"strong",300,TRUE,NA,8,"strong","main",NA,20
"high_low",7.11682843084185e-12,TRUE,8020,"strong",300,TRUE,NA,8,"strong","main",NA,20
"oob_2sided",1.32784983497256e-10,TRUE,8020,"strong",300,TRUE,NA,8,"strong","main",NA,20
"oob_1sided",6.63924917486278e-11,TRUE,8020,"strong",300,TRUE,NA,8,"strong","main",NA,20
"seq_rate",0.0314824929266697,TRUE,9001,"nw1_s0",300,TRUE,NA,9,"nw1_sweep_s0","signal_sweep",0,1
"calibration",0.0141484530184099,TRUE,9001,"nw1_s0",300,TRUE,NA,9,"nw1_sweep_s0","signal_sweep",0,1
"high_low",0.0209383270652346,TRUE,9001,"nw1_s0",300,TRUE,NA,9,"nw1_sweep_s0","signal_sweep",0,1
"oob_2sided",0.0275608670215124,TRUE,9001,"nw1_s0",300,TRUE,NA,9,"nw1_sweep_s0","signal_sweep",0,1
"oob_1sided",0.0137804335107562,TRUE,9001,"nw1_s0",300,TRUE,NA,9,"nw1_sweep_s0","signal_sweep",0,1
"seq_rate",0.640168154299686,FALSE,9002,"nw1_s0",300,TRUE,NA,9,"nw1_sweep_s0","signal_sweep",0,2
"calibration",0.723518116291693,FALSE,9002,"nw1_s0",300,TRUE,NA,9,"nw1_sweep_s0","signal_sweep",0,2
"high_low",0.505126223711652,FALSE,9002,"nw1_s0",300,TRUE,NA,9,"nw1_sweep_s0","signal_sweep",0,2
"oob_2sided",0.357000673360678,FALSE,9002,"nw1_s0",300,TRUE,NA,9,"nw1_sweep_s0","signal_sweep",0,2
"oob_1sided",0.821499663319661,FALSE,9002,"nw1_s0",300,TRUE,NA,9,"nw1_sweep_s0","signal_sweep",0,2
"seq_rate",0.109617692424037,FALSE,9003,"nw1_s0",300,TRUE,NA,9,"nw1_sweep_s0","signal_sweep",0,3
"calibration",0.505223789904275,FALSE,9003,"nw1_s0",300,TRUE,NA,9,"nw1_sweep_s0","signal_sweep",0,3
"high_low",0.203410528098027,FALSE,9003,"nw1_s0",300,TRUE,NA,9,"nw1_sweep_s0","signal_sweep",0,3
"oob_2sided",0.950422920780225,FALSE,9003,"nw1_s0",300,TRUE,NA,9,"nw1_sweep_s0","signal_sweep",0,3
"oob_1sided",0.475211460390112,FALSE,9003,"nw1_s0",300,TRUE,NA,9,"nw1_sweep_s0","signal_sweep",0,3
"seq_rate",0.868249084532873,FALSE,9004,"nw1_s0",300,TRUE,NA,9,"nw1_sweep_s0","signal_sweep",0,4
"calibration",0.999815089598354,FALSE,9004,"nw1_s0",300,TRUE,NA,9,"nw1_sweep_s0","signal_sweep",0,4
"high_low",0.262609015687476,FALSE,9004,"nw1_s0",300,TRUE,NA,9,"nw1_sweep_s0","signal_sweep",0,4
"oob_2sided",0.0154959388898084,TRUE,9004,"nw1_s0",300,TRUE,NA,9,"nw1_sweep_s0","signal_sweep",0,4
"oob_1sided",0.992252030555096,FALSE,9004,"nw1_s0",300,TRUE,NA,9,"nw1_sweep_s0","signal_sweep",0,4
"seq_rate",0.469813091654498,FALSE,9005,"nw1_s0",300,TRUE,NA,9,"nw1_sweep_s0","signal_sweep",0,5
"calibration",0.996565325913681,FALSE,9005,"nw1_s0",300,TRUE,NA,9,"nw1_sweep_s0","signal_sweep",0,5
"high_low",0.0214491054543668,TRUE,9005,"nw1_s0",300,TRUE,NA,9,"nw1_sweep_s0","signal_sweep",0,5
"oob_2sided",0.0414408781402788,TRUE,9005,"nw1_s0",300,TRUE,NA,9,"nw1_sweep_s0","signal_sweep",0,5
"oob_1sided",0.979279560929861,FALSE,9005,"nw1_s0",300,TRUE,NA,9,"nw1_sweep_s0","signal_sweep",0,5
"seq_rate",0.0451829605182733,TRUE,9006,"nw1_s0",300,TRUE,NA,9,"nw1_sweep_s0","signal_sweep",0,6
"calibration",0.999999897806833,FALSE,9006,"nw1_s0",300,TRUE,NA,9,"nw1_sweep_s0","signal_sweep",0,6
"high_low",1.10459720176856e-06,TRUE,9006,"nw1_s0",300,TRUE,NA,9,"nw1_sweep_s0","signal_sweep",0,6
"oob_2sided",1.37102992676719e-06,TRUE,9006,"nw1_s0",300,TRUE,NA,9,"nw1_sweep_s0","signal_sweep",0,6
"oob_1sided",0.999999314485037,FALSE,9006,"nw1_s0",300,TRUE,NA,9,"nw1_sweep_s0","signal_sweep",0,6
"seq_rate",0.395556524120935,FALSE,9007,"nw1_s0",300,TRUE,NA,9,"nw1_sweep_s0","signal_sweep",0,7
"calibration",0.992930346918511,FALSE,9007,"nw1_s0",300,TRUE,NA,9,"nw1_sweep_s0","signal_sweep",0,7
"high_low",0.0582424716845053,FALSE,9007,"nw1_s0",300,TRUE,NA,9,"nw1_sweep_s0","signal_sweep",0,7
"oob_2sided",0.0700873338578734,FALSE,9007,"nw1_s0",300,TRUE,NA,9,"nw1_sweep_s0","signal_sweep",0,7
"oob_1sided",0.964956333071063,FALSE,9007,"nw1_s0",300,TRUE,NA,9,"nw1_sweep_s0","signal_sweep",0,7
"seq_rate",0.949920913271447,FALSE,9008,"nw1_s0",300,TRUE,NA,9,"nw1_sweep_s0","signal_sweep",0,8
"calibration",0.997912454957967,FALSE,9008,"nw1_s0",300,TRUE,NA,9,"nw1_sweep_s0","signal_sweep",0,8
"high_low",0.00422906262062549,TRUE,9008,"nw1_s0",300,TRUE,NA,9,"nw1_sweep_s0","signal_sweep",0,8
"oob_2sided",0.0326346117961954,TRUE,9008,"nw1_s0",300,TRUE,NA,9,"nw1_sweep_s0","signal_sweep",0,8
"oob_1sided",0.983682694101902,FALSE,9008,"nw1_s0",300,TRUE,NA,9,"nw1_sweep_s0","signal_sweep",0,8
"seq_rate",0.896306970780632,FALSE,9009,"nw1_s0",300,TRUE,NA,9,"nw1_sweep_s0","signal_sweep",0,9
"calibration",0.786060877073831,FALSE,9009,"nw1_s0",300,TRUE,NA,9,"nw1_sweep_s0","signal_sweep",0,9
"high_low",0.455011010925099,FALSE,9009,"nw1_s0",300,TRUE,NA,9,"nw1_sweep_s0","signal_sweep",0,9
"oob_2sided",0.327948145089274,FALSE,9009,"nw1_s0",300,TRUE,NA,9,"nw1_sweep_s0","signal_sweep",0,9
"oob_1sided",0.836025927455363,FALSE,9009,"nw1_s0",300,TRUE,NA,9,"nw1_sweep_s0","signal_sweep",0,9
"seq_rate",0.496212396531523,FALSE,9010,"nw1_s0",300,TRUE,NA,9,"nw1_sweep_s0","signal_sweep",0,10
"calibration",0.975051553250071,FALSE,9010,"nw1_s0",300,TRUE,NA,9,"nw1_sweep_s0","signal_sweep",0,10
"high_low",0.0446804096696969,TRUE,9010,"nw1_s0",300,TRUE,NA,9,"nw1_sweep_s0","signal_sweep",0,10
"oob_2sided",0.151312713938783,FALSE,9010,"nw1_s0",300,TRUE,NA,9,"nw1_sweep_s0","signal_sweep",0,10
"oob_1sided",0.924343643030609,FALSE,9010,"nw1_s0",300,TRUE,NA,9,"nw1_sweep_s0","signal_sweep",0,10
"seq_rate",0.742285346439671,FALSE,9011,"nw1_s0",300,TRUE,NA,9,"nw1_sweep_s0","signal_sweep",0,11
"calibration",0.999988184576649,FALSE,9011,"nw1_s0",300,TRUE,NA,9,"nw1_sweep_s0","signal_sweep",0,11
"high_low",0.0026805537524965,TRUE,9011,"nw1_s0",300,TRUE,NA,9,"nw1_sweep_s0","signal_sweep",0,11
"oob_2sided",0.00200156062388682,TRUE,9011,"nw1_s0",300,TRUE,NA,9,"nw1_sweep_s0","signal_sweep",0,11
"oob_1sided",0.998999219688057,FALSE,9011,"nw1_s0",300,TRUE,NA,9,"nw1_sweep_s0","signal_sweep",0,11
"seq_rate",0.489520061937824,FALSE,9012,"nw1_s0",300,TRUE,NA,9,"nw1_sweep_s0","signal_sweep",0,12
"calibration",0.9800486003536,FALSE,9012,"nw1_s0",300,TRUE,NA,9,"nw1_sweep_s0","signal_sweep",0,12
"high_low",0.00911743146982179,TRUE,9012,"nw1_s0",300,TRUE,NA,9,"nw1_sweep_s0","signal_sweep",0,12
"oob_2sided",0.114272309142743,FALSE,9012,"nw1_s0",300,TRUE,NA,9,"nw1_sweep_s0","signal_sweep",0,12
"oob_1sided",0.942863845428629,FALSE,9012,"nw1_s0",300,TRUE,NA,9,"nw1_sweep_s0","signal_sweep",0,12
"seq_rate",0.5699221030968,FALSE,9013,"nw1_s0",300,TRUE,NA,9,"nw1_sweep_s0","signal_sweep",0,13
"calibration",0.892029383490501,FALSE,9013,"nw1_s0",300,TRUE,NA,9,"nw1_sweep_s0","signal_sweep",0,13
"high_low",0.138910472412474,FALSE,9013,"nw1_s0",300,TRUE,NA,9,"nw1_sweep_s0","signal_sweep",0,13
"oob_2sided",0.168796598714929,FALSE,9013,"nw1_s0",300,TRUE,NA,9,"nw1_sweep_s0","signal_sweep",0,13
"oob_1sided",0.915601700642536,FALSE,9013,"nw1_s0",300,TRUE,NA,9,"nw1_sweep_s0","signal_sweep",0,13
"seq_rate",0.960761423413601,FALSE,9014,"nw1_s0",300,TRUE,NA,9,"nw1_sweep_s0","signal_sweep",0,14
"calibration",0.93934388790866,FALSE,9014,"nw1_s0",300,TRUE,NA,9,"nw1_sweep_s0","signal_sweep",0,14
"high_low",0.0873410050150965,FALSE,9014,"nw1_s0",300,TRUE,NA,9,"nw1_sweep_s0","signal_sweep",0,14
"oob_2sided",0.366094197455083,FALSE,9014,"nw1_s0",300,TRUE,NA,9,"nw1_sweep_s0","signal_sweep",0,14
"oob_1sided",0.816952901272458,FALSE,9014,"nw1_s0",300,TRUE,NA,9,"nw1_sweep_s0","signal_sweep",0,14
"seq_rate",0.787242738180227,FALSE,9015,"nw1_s0",300,TRUE,NA,9,"nw1_sweep_s0","signal_sweep",0,15
"calibration",0.992476195523919,FALSE,9015,"nw1_s0",300,TRUE,NA,9,"nw1_sweep_s0","signal_sweep",0,15
"high_low",0.00100837215459583,TRUE,9015,"nw1_s0",300,TRUE,NA,9,"nw1_sweep_s0","signal_sweep",0,15
"oob_2sided",0.0356323931575932,TRUE,9015,"nw1_s0",300,TRUE,NA,9,"nw1_sweep_s0","signal_sweep",0,15
"oob_1sided",0.982183803421203,FALSE,9015,"nw1_s0",300,TRUE,NA,9,"nw1_sweep_s0","signal_sweep",0,15
"seq_rate",0.657234103197269,FALSE,9016,"nw1_s0",300,TRUE,NA,9,"nw1_sweep_s0","signal_sweep",0,16
"calibration",0.999982032164808,FALSE,9016,"nw1_s0",300,TRUE,NA,9,"nw1_sweep_s0","signal_sweep",0,16
"high_low",0.000508996208961767,TRUE,9016,"nw1_s0",300,TRUE,NA,9,"nw1_sweep_s0","signal_sweep",0,16
"oob_2sided",0.000258716127937336,TRUE,9016,"nw1_s0",300,TRUE,NA,9,"nw1_sweep_s0","signal_sweep",0,16
"oob_1sided",0.999870641936031,FALSE,9016,"nw1_s0",300,TRUE,NA,9,"nw1_sweep_s0","signal_sweep",0,16
"seq_rate",0.59603858174023,FALSE,9017,"nw1_s0",300,TRUE,NA,9,"nw1_sweep_s0","signal_sweep",0,17
"calibration",0.860861543625484,FALSE,9017,"nw1_s0",300,TRUE,NA,9,"nw1_sweep_s0","signal_sweep",0,17
"high_low",0.854923311990725,FALSE,9017,"nw1_s0",300,TRUE,NA,9,"nw1_sweep_s0","signal_sweep",0,17
"oob_2sided",0.328592862019361,FALSE,9017,"nw1_s0",300,TRUE,NA,9,"nw1_sweep_s0","signal_sweep",0,17
"oob_1sided",0.83570356899032,FALSE,9017,"nw1_s0",300,TRUE,NA,9,"nw1_sweep_s0","signal_sweep",0,17
"seq_rate",0.0475249465505762,TRUE,9018,"nw1_s0",300,TRUE,NA,9,"nw1_sweep_s0","signal_sweep",0,18
"calibration",0.0924610729864562,FALSE,9018,"nw1_s0",300,TRUE,NA,9,"nw1_sweep_s0","signal_sweep",0,18
"high_low",0.207092398643294,FALSE,9018,"nw1_s0",300,TRUE,NA,9,"nw1_sweep_s0","signal_sweep",0,18
"oob_2sided",0.365544135301202,FALSE,9018,"nw1_s0",300,TRUE,NA,9,"nw1_sweep_s0","signal_sweep",0,18
"oob_1sided",0.182772067650601,FALSE,9018,"nw1_s0",300,TRUE,NA,9,"nw1_sweep_s0","signal_sweep",0,18
"seq_rate",0.783747607810215,FALSE,9019,"nw1_s0",300,TRUE,NA,9,"nw1_sweep_s0","signal_sweep",0,19
"calibration",0.978974189939175,FALSE,9019,"nw1_s0",300,TRUE,NA,9,"nw1_sweep_s0","signal_sweep",0,19
"high_low",0.00872347056393725,TRUE,9019,"nw1_s0",300,TRUE,NA,9,"nw1_sweep_s0","signal_sweep",0,19
"oob_2sided",0.0611299422219395,FALSE,9019,"nw1_s0",300,TRUE,NA,9,"nw1_sweep_s0","signal_sweep",0,19
"oob_1sided",0.96943502888903,FALSE,9019,"nw1_s0",300,TRUE,NA,9,"nw1_sweep_s0","signal_sweep",0,19
"seq_rate",0.535952491124978,FALSE,9020,"nw1_s0",300,TRUE,NA,9,"nw1_sweep_s0","signal_sweep",0,20
"calibration",0.979195574470286,FALSE,9020,"nw1_s0",300,TRUE,NA,9,"nw1_sweep_s0","signal_sweep",0,20
"high_low",0.312001413292876,FALSE,9020,"nw1_s0",300,TRUE,NA,9,"nw1_sweep_s0","signal_sweep",0,20
"oob_2sided",0.0370684703253343,TRUE,9020,"nw1_s0",300,TRUE,NA,9,"nw1_sweep_s0","signal_sweep",0,20
"oob_1sided",0.981465764837333,FALSE,9020,"nw1_s0",300,TRUE,NA,9,"nw1_sweep_s0","signal_sweep",0,20
"seq_rate",0.0203113733702902,TRUE,10001,"nw1_s0.5",300,TRUE,NA,10,"nw1_sweep_s0.5","signal_sweep",0.5,1
"calibration",0.0279612268234833,TRUE,10001,"nw1_s0.5",300,TRUE,NA,10,"nw1_sweep_s0.5","signal_sweep",0.5,1
"high_low",0.0843646281926828,FALSE,10001,"nw1_s0.5",300,TRUE,NA,10,"nw1_sweep_s0.5","signal_sweep",0.5,1
"oob_2sided",0.0160278161695102,TRUE,10001,"nw1_s0.5",300,TRUE,NA,10,"nw1_sweep_s0.5","signal_sweep",0.5,1
"oob_1sided",0.00801390808475509,TRUE,10001,"nw1_s0.5",300,TRUE,NA,10,"nw1_sweep_s0.5","signal_sweep",0.5,1
"seq_rate",0.226983273600201,FALSE,10002,"nw1_s0.5",300,TRUE,NA,10,"nw1_sweep_s0.5","signal_sweep",0.5,2
"calibration",0.980971926059015,FALSE,10002,"nw1_s0.5",300,TRUE,NA,10,"nw1_sweep_s0.5","signal_sweep",0.5,2
"high_low",0.309616508943199,FALSE,10002,"nw1_s0.5",300,TRUE,NA,10,"nw1_sweep_s0.5","signal_sweep",0.5,2
"oob_2sided",0.177103244573756,FALSE,10002,"nw1_s0.5",300,TRUE,NA,10,"nw1_sweep_s0.5","signal_sweep",0.5,2
"oob_1sided",0.911448377713122,FALSE,10002,"nw1_s0.5",300,TRUE,NA,10,"nw1_sweep_s0.5","signal_sweep",0.5,2
"seq_rate",0.732661501947387,FALSE,10003,"nw1_s0.5",300,TRUE,NA,10,"nw1_sweep_s0.5","signal_sweep",0.5,3
"calibration",0.967763757032909,FALSE,10003,"nw1_s0.5",300,TRUE,NA,10,"nw1_sweep_s0.5","signal_sweep",0.5,3
"high_low",0.880358601004338,FALSE,10003,"nw1_s0.5",300,TRUE,NA,10,"nw1_sweep_s0.5","signal_sweep",0.5,3
"oob_2sided",0.0410906483451641,TRUE,10003,"nw1_s0.5",300,TRUE,NA,10,"nw1_sweep_s0.5","signal_sweep",0.5,3
"oob_1sided",0.979454675827418,FALSE,10003,"nw1_s0.5",300,TRUE,NA,10,"nw1_sweep_s0.5","signal_sweep",0.5,3
"seq_rate",0.853722492387135,FALSE,10004,"nw1_s0.5",300,TRUE,NA,10,"nw1_sweep_s0.5","signal_sweep",0.5,4
"calibration",0.992748011438903,FALSE,10004,"nw1_s0.5",300,TRUE,NA,10,"nw1_sweep_s0.5","signal_sweep",0.5,4
"high_low",0.633139899170561,FALSE,10004,"nw1_s0.5",300,TRUE,NA,10,"nw1_sweep_s0.5","signal_sweep",0.5,4
"oob_2sided",0.0536301539277776,FALSE,10004,"nw1_s0.5",300,TRUE,NA,10,"nw1_sweep_s0.5","signal_sweep",0.5,4
"oob_1sided",0.973184923036111,FALSE,10004,"nw1_s0.5",300,TRUE,NA,10,"nw1_sweep_s0.5","signal_sweep",0.5,4
"seq_rate",0.358839248577137,FALSE,10005,"nw1_s0.5",300,TRUE,NA,10,"nw1_sweep_s0.5","signal_sweep",0.5,5
"calibration",0.00131399996687348,TRUE,10005,"nw1_s0.5",300,TRUE,NA,10,"nw1_sweep_s0.5","signal_sweep",0.5,5
"high_low",0.0305340661664498,TRUE,10005,"nw1_s0.5",300,TRUE,NA,10,"nw1_sweep_s0.5","signal_sweep",0.5,5
"oob_2sided",0.00338067259975457,TRUE,10005,"nw1_s0.5",300,TRUE,NA,10,"nw1_sweep_s0.5","signal_sweep",0.5,5
"oob_1sided",0.00169033629987728,TRUE,10005,"nw1_s0.5",300,TRUE,NA,10,"nw1_sweep_s0.5","signal_sweep",0.5,5
"seq_rate",0.37650968808847,FALSE,10006,"nw1_s0.5",300,TRUE,NA,10,"nw1_sweep_s0.5","signal_sweep",0.5,6
"calibration",0.803826847525712,FALSE,10006,"nw1_s0.5",300,TRUE,NA,10,"nw1_sweep_s0.5","signal_sweep",0.5,6
"high_low",0.204413947720255,FALSE,10006,"nw1_s0.5",300,TRUE,NA,10,"nw1_sweep_s0.5","signal_sweep",0.5,6
"oob_2sided",0.703596391292069,FALSE,10006,"nw1_s0.5",300,TRUE,NA,10,"nw1_sweep_s0.5","signal_sweep",0.5,6
"oob_1sided",0.648201804353966,FALSE,10006,"nw1_s0.5",300,TRUE,NA,10,"nw1_sweep_s0.5","signal_sweep",0.5,6
"seq_rate",0.163104788441617,FALSE,10007,"nw1_s0.5",300,TRUE,NA,10,"nw1_sweep_s0.5","signal_sweep",0.5,7
"calibration",0.991641230469125,FALSE,10007,"nw1_s0.5",300,TRUE,NA,10,"nw1_sweep_s0.5","signal_sweep",0.5,7
"high_low",0.179978532850136,FALSE,10007,"nw1_s0.5",300,TRUE,NA,10,"nw1_sweep_s0.5","signal_sweep",0.5,7
"oob_2sided",0.151573553376056,FALSE,10007,"nw1_s0.5",300,TRUE,NA,10,"nw1_sweep_s0.5","signal_sweep",0.5,7
"oob_1sided",0.924213223311972,FALSE,10007,"nw1_s0.5",300,TRUE,NA,10,"nw1_sweep_s0.5","signal_sweep",0.5,7
"seq_rate",0.0014514000009346,TRUE,10008,"nw1_s0.5",300,TRUE,NA,10,"nw1_sweep_s0.5","signal_sweep",0.5,8
"calibration",0.133665722022339,FALSE,10008,"nw1_s0.5",300,TRUE,NA,10,"nw1_sweep_s0.5","signal_sweep",0.5,8
"high_low",0.0154020097299573,TRUE,10008,"nw1_s0.5",300,TRUE,NA,10,"nw1_sweep_s0.5","signal_sweep",0.5,8
"oob_2sided",0.832180602377077,FALSE,10008,"nw1_s0.5",300,TRUE,NA,10,"nw1_sweep_s0.5","signal_sweep",0.5,8
"oob_1sided",0.416090301188538,FALSE,10008,"nw1_s0.5",300,TRUE,NA,10,"nw1_sweep_s0.5","signal_sweep",0.5,8
"seq_rate",0.00608185586078896,TRUE,10009,"nw1_s0.5",300,TRUE,NA,10,"nw1_sweep_s0.5","signal_sweep",0.5,9
"calibration",0.321137113380242,FALSE,10009,"nw1_s0.5",300,TRUE,NA,10,"nw1_sweep_s0.5","signal_sweep",0.5,9
"high_low",0.0793879111574296,FALSE,10009,"nw1_s0.5",300,TRUE,NA,10,"nw1_sweep_s0.5","signal_sweep",0.5,9
"oob_2sided",0.673566525603245,FALSE,10009,"nw1_s0.5",300,TRUE,NA,10,"nw1_sweep_s0.5","signal_sweep",0.5,9
"oob_1sided",0.336783262801623,FALSE,10009,"nw1_s0.5",300,TRUE,NA,10,"nw1_sweep_s0.5","signal_sweep",0.5,9
"seq_rate",0.23830821228775,FALSE,10010,"nw1_s0.5",300,TRUE,NA,10,"nw1_sweep_s0.5","signal_sweep",0.5,10
"calibration",0.058250883485759,FALSE,10010,"nw1_s0.5",300,TRUE,NA,10,"nw1_sweep_s0.5","signal_sweep",0.5,10
"high_low",0.55276876014536,FALSE,10010,"nw1_s0.5",300,TRUE,NA,10,"nw1_sweep_s0.5","signal_sweep",0.5,10
"oob_2sided",0.244894208119271,FALSE,10010,"nw1_s0.5",300,TRUE,NA,10,"nw1_sweep_s0.5","signal_sweep",0.5,10
"oob_1sided",0.122447104059635,FALSE,10010,"nw1_s0.5",300,TRUE,NA,10,"nw1_sweep_s0.5","signal_sweep",0.5,10
"seq_rate",0.863368165630394,FALSE,10011,"nw1_s0.5",300,TRUE,NA,10,"nw1_sweep_s0.5","signal_sweep",0.5,11
"calibration",0.956566433919624,FALSE,10011,"nw1_s0.5",300,TRUE,NA,10,"nw1_sweep_s0.5","signal_sweep",0.5,11
"high_low",0.775790222862199,FALSE,10011,"nw1_s0.5",300,TRUE,NA,10,"nw1_sweep_s0.5","signal_sweep",0.5,11
"oob_2sided",0.126030355405325,FALSE,10011,"nw1_s0.5",300,TRUE,NA,10,"nw1_sweep_s0.5","signal_sweep",0.5,11
"oob_1sided",0.936984822297337,FALSE,10011,"nw1_s0.5",300,TRUE,NA,10,"nw1_sweep_s0.5","signal_sweep",0.5,11
"seq_rate",0.596697446939185,FALSE,10012,"nw1_s0.5",300,TRUE,NA,10,"nw1_sweep_s0.5","signal_sweep",0.5,12
"calibration",0.558503723807733,FALSE,10012,"nw1_s0.5",300,TRUE,NA,10,"nw1_sweep_s0.5","signal_sweep",0.5,12
"high_low",0.446200460722318,FALSE,10012,"nw1_s0.5",300,TRUE,NA,10,"nw1_sweep_s0.5","signal_sweep",0.5,12
"oob_2sided",0.471991689043331,FALSE,10012,"nw1_s0.5",300,TRUE,NA,10,"nw1_sweep_s0.5","signal_sweep",0.5,12
"oob_1sided",0.764004155478334,FALSE,10012,"nw1_s0.5",300,TRUE,NA,10,"nw1_sweep_s0.5","signal_sweep",0.5,12
"seq_rate",0.859011056350317,FALSE,10013,"nw1_s0.5",300,TRUE,NA,10,"nw1_sweep_s0.5","signal_sweep",0.5,13
"calibration",0.972312095372879,FALSE,10013,"nw1_s0.5",300,TRUE,NA,10,"nw1_sweep_s0.5","signal_sweep",0.5,13
"high_low",0.192098665890848,FALSE,10013,"nw1_s0.5",300,TRUE,NA,10,"nw1_sweep_s0.5","signal_sweep",0.5,13
"oob_2sided",0.115537369492297,FALSE,10013,"nw1_s0.5",300,TRUE,NA,10,"nw1_sweep_s0.5","signal_sweep",0.5,13
"oob_1sided",0.942231315253851,FALSE,10013,"nw1_s0.5",300,TRUE,NA,10,"nw1_sweep_s0.5","signal_sweep",0.5,13
"seq_rate",0.436495986291739,FALSE,10014,"nw1_s0.5",300,TRUE,NA,10,"nw1_sweep_s0.5","signal_sweep",0.5,14
"calibration",0.647828753936594,FALSE,10014,"nw1_s0.5",300,TRUE,NA,10,"nw1_sweep_s0.5","signal_sweep",0.5,14
"high_low",0.809127159691983,FALSE,10014,"nw1_s0.5",300,TRUE,NA,10,"nw1_sweep_s0.5","signal_sweep",0.5,14
"oob_2sided",0.423655081864872,FALSE,10014,"nw1_s0.5",300,TRUE,NA,10,"nw1_sweep_s0.5","signal_sweep",0.5,14
"oob_1sided",0.788172459067564,FALSE,10014,"nw1_s0.5",300,TRUE,NA,10,"nw1_sweep_s0.5","signal_sweep",0.5,14
"seq_rate",0.977181296315357,FALSE,10015,"nw1_s0.5",300,TRUE,NA,10,"nw1_sweep_s0.5","signal_sweep",0.5,15
"calibration",0.761252215213723,FALSE,10015,"nw1_s0.5",300,TRUE,NA,10,"nw1_sweep_s0.5","signal_sweep",0.5,15
"high_low",0.926844105446599,FALSE,10015,"nw1_s0.5",300,TRUE,NA,10,"nw1_sweep_s0.5","signal_sweep",0.5,15
"oob_2sided",0.526941155178298,FALSE,10015,"nw1_s0.5",300,TRUE,NA,10,"nw1_sweep_s0.5","signal_sweep",0.5,15
"oob_1sided",0.736529422410851,FALSE,10015,"nw1_s0.5",300,TRUE,NA,10,"nw1_sweep_s0.5","signal_sweep",0.5,15
"seq_rate",0.267661698845263,FALSE,10016,"nw1_s0.5",300,TRUE,NA,10,"nw1_sweep_s0.5","signal_sweep",0.5,16
"calibration",0.930734286693173,FALSE,10016,"nw1_s0.5",300,TRUE,NA,10,"nw1_sweep_s0.5","signal_sweep",0.5,16
"high_low",0.564830562424049,FALSE,10016,"nw1_s0.5",300,TRUE,NA,10,"nw1_sweep_s0.5","signal_sweep",0.5,16
"oob_2sided",0.0896883126418,FALSE,10016,"nw1_s0.5",300,TRUE,NA,10,"nw1_sweep_s0.5","signal_sweep",0.5,16
"oob_1sided",0.9551558436791,FALSE,10016,"nw1_s0.5",300,TRUE,NA,10,"nw1_sweep_s0.5","signal_sweep",0.5,16
"seq_rate",0.308040396979395,FALSE,10017,"nw1_s0.5",300,TRUE,NA,10,"nw1_sweep_s0.5","signal_sweep",0.5,17
"calibration",0.857238223174482,FALSE,10017,"nw1_s0.5",300,TRUE,NA,10,"nw1_sweep_s0.5","signal_sweep",0.5,17
"high_low",0.965918180766008,FALSE,10017,"nw1_s0.5",300,TRUE,NA,10,"nw1_sweep_s0.5","signal_sweep",0.5,17
"oob_2sided",0.470535236573566,FALSE,10017,"nw1_s0.5",300,TRUE,NA,10,"nw1_sweep_s0.5","signal_sweep",0.5,17
"oob_1sided",0.764732381713217,FALSE,10017,"nw1_s0.5",300,TRUE,NA,10,"nw1_sweep_s0.5","signal_sweep",0.5,17
"seq_rate",0.309133385590248,FALSE,10018,"nw1_s0.5",300,TRUE,NA,10,"nw1_sweep_s0.5","signal_sweep",0.5,18
"calibration",0.0656819554994504,FALSE,10018,"nw1_s0.5",300,TRUE,NA,10,"nw1_sweep_s0.5","signal_sweep",0.5,18
"high_low",0.0325225637076996,TRUE,10018,"nw1_s0.5",300,TRUE,NA,10,"nw1_sweep_s0.5","signal_sweep",0.5,18
"oob_2sided",0.693175860672791,FALSE,10018,"nw1_s0.5",300,TRUE,NA,10,"nw1_sweep_s0.5","signal_sweep",0.5,18
"oob_1sided",0.346587930336396,FALSE,10018,"nw1_s0.5",300,TRUE,NA,10,"nw1_sweep_s0.5","signal_sweep",0.5,18
"seq_rate",0.300128335902131,FALSE,10019,"nw1_s0.5",300,TRUE,NA,10,"nw1_sweep_s0.5","signal_sweep",0.5,19
"calibration",0.59250166105734,FALSE,10019,"nw1_s0.5",300,TRUE,NA,10,"nw1_sweep_s0.5","signal_sweep",0.5,19
"high_low",0.756187400338625,FALSE,10019,"nw1_s0.5",300,TRUE,NA,10,"nw1_sweep_s0.5","signal_sweep",0.5,19
"oob_2sided",0.737061236415506,FALSE,10019,"nw1_s0.5",300,TRUE,NA,10,"nw1_sweep_s0.5","signal_sweep",0.5,19
"oob_1sided",0.631469381792247,FALSE,10019,"nw1_s0.5",300,TRUE,NA,10,"nw1_sweep_s0.5","signal_sweep",0.5,19
"seq_rate",0.171565174020035,FALSE,10020,"nw1_s0.5",300,TRUE,NA,10,"nw1_sweep_s0.5","signal_sweep",0.5,20
"calibration",0.977323058554689,FALSE,10020,"nw1_s0.5",300,TRUE,NA,10,"nw1_sweep_s0.5","signal_sweep",0.5,20
"high_low",0.172517151149481,FALSE,10020,"nw1_s0.5",300,TRUE,NA,10,"nw1_sweep_s0.5","signal_sweep",0.5,20
"oob_2sided",0.295456981727909,FALSE,10020,"nw1_s0.5",300,TRUE,NA,10,"nw1_sweep_s0.5","signal_sweep",0.5,20
"oob_1sided",0.852271509136045,FALSE,10020,"nw1_s0.5",300,TRUE,NA,10,"nw1_sweep_s0.5","signal_sweep",0.5,20
"seq_rate",0.00666899778725681,TRUE,11001,"nw1_s1",300,TRUE,NA,11,"nw1_sweep_s1","signal_sweep",1,1
"calibration",0.00170679497794567,TRUE,11001,"nw1_s1",300,TRUE,NA,11,"nw1_sweep_s1","signal_sweep",1,1
"high_low",0.000705076378559076,TRUE,11001,"nw1_s1",300,TRUE,NA,11,"nw1_sweep_s1","signal_sweep",1,1
"oob_2sided",0.0229754757869646,TRUE,11001,"nw1_s1",300,TRUE,NA,11,"nw1_sweep_s1","signal_sweep",1,1
"oob_1sided",0.0114877378934823,TRUE,11001,"nw1_s1",300,TRUE,NA,11,"nw1_sweep_s1","signal_sweep",1,1
"seq_rate",0.89158100406005,FALSE,11002,"nw1_s1",300,TRUE,NA,11,"nw1_sweep_s1","signal_sweep",1,2
"calibration",0.897348770474875,FALSE,11002,"nw1_s1",300,TRUE,NA,11,"nw1_sweep_s1","signal_sweep",1,2
"high_low",0.833449681736615,FALSE,11002,"nw1_s1",300,TRUE,NA,11,"nw1_sweep_s1","signal_sweep",1,2
"oob_2sided",0.225752788202679,FALSE,11002,"nw1_s1",300,TRUE,NA,11,"nw1_sweep_s1","signal_sweep",1,2
"oob_1sided",0.88712360589866,FALSE,11002,"nw1_s1",300,TRUE,NA,11,"nw1_sweep_s1","signal_sweep",1,2
"seq_rate",0.515756811784259,FALSE,11003,"nw1_s1",300,TRUE,NA,11,"nw1_sweep_s1","signal_sweep",1,3
"calibration",0.0181427607970891,TRUE,11003,"nw1_s1",300,TRUE,NA,11,"nw1_sweep_s1","signal_sweep",1,3
"high_low",0.295758548048783,FALSE,11003,"nw1_s1",300,TRUE,NA,11,"nw1_sweep_s1","signal_sweep",1,3
"oob_2sided",0.620940454890025,FALSE,11003,"nw1_s1",300,TRUE,NA,11,"nw1_sweep_s1","signal_sweep",1,3
"oob_1sided",0.689529772554987,FALSE,11003,"nw1_s1",300,TRUE,NA,11,"nw1_sweep_s1","signal_sweep",1,3
"seq_rate",0.203072296283797,FALSE,11004,"nw1_s1",300,TRUE,NA,11,"nw1_sweep_s1","signal_sweep",1,4
"calibration",0.0699221322109893,FALSE,11004,"nw1_s1",300,TRUE,NA,11,"nw1_sweep_s1","signal_sweep",1,4
"high_low",0.102589621093999,FALSE,11004,"nw1_s1",300,TRUE,NA,11,"nw1_sweep_s1","signal_sweep",1,4
"oob_2sided",0.205019381858049,FALSE,11004,"nw1_s1",300,TRUE,NA,11,"nw1_sweep_s1","signal_sweep",1,4
"oob_1sided",0.102509690929024,FALSE,11004,"nw1_s1",300,TRUE,NA,11,"nw1_sweep_s1","signal_sweep",1,4
"seq_rate",0.757260324147916,FALSE,11005,"nw1_s1",300,TRUE,NA,11,"nw1_sweep_s1","signal_sweep",1,5
"calibration",0.836246190626003,FALSE,11005,"nw1_s1",300,TRUE,NA,11,"nw1_sweep_s1","signal_sweep",1,5
"high_low",0.701855787423625,FALSE,11005,"nw1_s1",300,TRUE,NA,11,"nw1_sweep_s1","signal_sweep",1,5
"oob_2sided",0.130660300283117,FALSE,11005,"nw1_s1",300,TRUE,NA,11,"nw1_sweep_s1","signal_sweep",1,5
"oob_1sided",0.934669849858442,FALSE,11005,"nw1_s1",300,TRUE,NA,11,"nw1_sweep_s1","signal_sweep",1,5
"seq_rate",0.791682007872379,FALSE,11006,"nw1_s1",300,TRUE,NA,11,"nw1_sweep_s1","signal_sweep",1,6
"calibration",0.793174682881656,FALSE,11006,"nw1_s1",300,TRUE,NA,11,"nw1_sweep_s1","signal_sweep",1,6
"high_low",0.739979980086746,FALSE,11006,"nw1_s1",300,TRUE,NA,11,"nw1_sweep_s1","signal_sweep",1,6
"oob_2sided",0.475312952470784,FALSE,11006,"nw1_s1",300,TRUE,NA,11,"nw1_sweep_s1","signal_sweep",1,6
"oob_1sided",0.762343523764608,FALSE,11006,"nw1_s1",300,TRUE,NA,11,"nw1_sweep_s1","signal_sweep",1,6
"seq_rate",0.332764523442182,FALSE,11007,"nw1_s1",300,TRUE,NA,11,"nw1_sweep_s1","signal_sweep",1,7
"calibration",0.398096935024753,FALSE,11007,"nw1_s1",300,TRUE,NA,11,"nw1_sweep_s1","signal_sweep",1,7
"high_low",0.512099069176912,FALSE,11007,"nw1_s1",300,TRUE,NA,11,"nw1_sweep_s1","signal_sweep",1,7
"oob_2sided",0.955726862521683,FALSE,11007,"nw1_s1",300,TRUE,NA,11,"nw1_sweep_s1","signal_sweep",1,7
"oob_1sided",0.477863431260842,FALSE,11007,"nw1_s1",300,TRUE,NA,11,"nw1_sweep_s1","signal_sweep",1,7
"seq_rate",0.00019014336004976,TRUE,11008,"nw1_s1",300,TRUE,NA,11,"nw1_sweep_s1","signal_sweep",1,8
"calibration",0.00711093343409268,TRUE,11008,"nw1_s1",300,TRUE,NA,11,"nw1_sweep_s1","signal_sweep",1,8
"high_low",0.0239131299124163,TRUE,11008,"nw1_s1",300,TRUE,NA,11,"nw1_sweep_s1","signal_sweep",1,8
"oob_2sided",0.0241831778482109,TRUE,11008,"nw1_s1",300,TRUE,NA,11,"nw1_sweep_s1","signal_sweep",1,8
"oob_1sided",0.0120915889241055,TRUE,11008,"nw1_s1",300,TRUE,NA,11,"nw1_sweep_s1","signal_sweep",1,8
"seq_rate",0.117856260108543,FALSE,11009,"nw1_s1",300,TRUE,NA,11,"nw1_sweep_s1","signal_sweep",1,9
"calibration",0.0382635323452614,TRUE,11009,"nw1_s1",300,TRUE,NA,11,"nw1_sweep_s1","signal_sweep",1,9
"high_low",0.0179967136473772,TRUE,11009,"nw1_s1",300,TRUE,NA,11,"nw1_sweep_s1","signal_sweep",1,9
"oob_2sided",0.014885628395552,TRUE,11009,"nw1_s1",300,TRUE,NA,11,"nw1_sweep_s1","signal_sweep",1,9
"oob_1sided",0.007442814197776,TRUE,11009,"nw1_s1",300,TRUE,NA,11,"nw1_sweep_s1","signal_sweep",1,9
"seq_rate",0.00855020398885249,TRUE,11010,"nw1_s1",300,TRUE,NA,11,"nw1_sweep_s1","signal_sweep",1,10
"calibration",4.10544804983599e-05,TRUE,11010,"nw1_s1",300,TRUE,NA,11,"nw1_sweep_s1","signal_sweep",1,10
"high_low",8.07972452681419e-06,TRUE,11010,"nw1_s1",300,TRUE,NA,11,"nw1_sweep_s1","signal_sweep",1,10
"oob_2sided",7.18660333871288e-06,TRUE,11010,"nw1_s1",300,TRUE,NA,11,"nw1_sweep_s1","signal_sweep",1,10
"oob_1sided",3.59330166935644e-06,TRUE,11010,"nw1_s1",300,TRUE,NA,11,"nw1_sweep_s1","signal_sweep",1,10
"seq_rate",0.73441722037643,FALSE,11011,"nw1_s1",300,TRUE,NA,11,"nw1_sweep_s1","signal_sweep",1,11
"calibration",0.645223686028179,FALSE,11011,"nw1_s1",300,TRUE,NA,11,"nw1_sweep_s1","signal_sweep",1,11
"high_low",0.571867098709954,FALSE,11011,"nw1_s1",300,TRUE,NA,11,"nw1_sweep_s1","signal_sweep",1,11
"oob_2sided",0.92304450492928,FALSE,11011,"nw1_s1",300,TRUE,NA,11,"nw1_sweep_s1","signal_sweep",1,11
"oob_1sided",0.53847774753536,FALSE,11011,"nw1_s1",300,TRUE,NA,11,"nw1_sweep_s1","signal_sweep",1,11
"seq_rate",0.429682966176744,FALSE,11012,"nw1_s1",300,TRUE,NA,11,"nw1_sweep_s1","signal_sweep",1,12
"calibration",0.814774020088754,FALSE,11012,"nw1_s1",300,TRUE,NA,11,"nw1_sweep_s1","signal_sweep",1,12
"high_low",0.66625768257292,FALSE,11012,"nw1_s1",300,TRUE,NA,11,"nw1_sweep_s1","signal_sweep",1,12
"oob_2sided",0.499456128056394,FALSE,11012,"nw1_s1",300,TRUE,NA,11,"nw1_sweep_s1","signal_sweep",1,12
"oob_1sided",0.750271935971803,FALSE,11012,"nw1_s1",300,TRUE,NA,11,"nw1_sweep_s1","signal_sweep",1,12
"seq_rate",0.246491169611417,FALSE,11013,"nw1_s1",300,TRUE,NA,11,"nw1_sweep_s1","signal_sweep",1,13
"calibration",0.33444350102881,FALSE,11013,"nw1_s1",300,TRUE,NA,11,"nw1_sweep_s1","signal_sweep",1,13
"high_low",0.89183654246351,FALSE,11013,"nw1_s1",300,TRUE,NA,11,"nw1_sweep_s1","signal_sweep",1,13
"oob_2sided",0.934992524040164,FALSE,11013,"nw1_s1",300,TRUE,NA,11,"nw1_sweep_s1","signal_sweep",1,13
"oob_1sided",0.467496262020082,FALSE,11013,"nw1_s1",300,TRUE,NA,11,"nw1_sweep_s1","signal_sweep",1,13
"seq_rate",0.239585494197613,FALSE,11014,"nw1_s1",300,TRUE,NA,11,"nw1_sweep_s1","signal_sweep",1,14
"calibration",0.481674655718726,FALSE,11014,"nw1_s1",300,TRUE,NA,11,"nw1_sweep_s1","signal_sweep",1,14
"high_low",0.399777684926512,FALSE,11014,"nw1_s1",300,TRUE,NA,11,"nw1_sweep_s1","signal_sweep",1,14
"oob_2sided",0.554090997765661,FALSE,11014,"nw1_s1",300,TRUE,NA,11,"nw1_sweep_s1","signal_sweep",1,14
"oob_1sided",0.722954501117169,FALSE,11014,"nw1_s1",300,TRUE,NA,11,"nw1_sweep_s1","signal_sweep",1,14
"seq_rate",0.100491432903988,FALSE,11015,"nw1_s1",300,TRUE,NA,11,"nw1_sweep_s1","signal_sweep",1,15
"calibration",0.00118802609963057,TRUE,11015,"nw1_s1",300,TRUE,NA,11,"nw1_sweep_s1","signal_sweep",1,15
"high_low",0.00037828325241916,TRUE,11015,"nw1_s1",300,TRUE,NA,11,"nw1_sweep_s1","signal_sweep",1,15
"oob_2sided",0.0511442269907427,FALSE,11015,"nw1_s1",300,TRUE,NA,11,"nw1_sweep_s1","signal_sweep",1,15
"oob_1sided",0.0255721134953714,TRUE,11015,"nw1_s1",300,TRUE,NA,11,"nw1_sweep_s1","signal_sweep",1,15
"seq_rate",0.0141716365611843,TRUE,11016,"nw1_s1",300,TRUE,NA,11,"nw1_sweep_s1","signal_sweep",1,16
"calibration",0.0368574508112166,TRUE,11016,"nw1_s1",300,TRUE,NA,11,"nw1_sweep_s1","signal_sweep",1,16
"high_low",0.000895666938811968,TRUE,11016,"nw1_s1",300,TRUE,NA,11,"nw1_sweep_s1","signal_sweep",1,16
"oob_2sided",0.0760798175095778,FALSE,11016,"nw1_s1",300,TRUE,NA,11,"nw1_sweep_s1","signal_sweep",1,16
"oob_1sided",0.0380399087547889,TRUE,11016,"nw1_s1",300,TRUE,NA,11,"nw1_sweep_s1","signal_sweep",1,16
"seq_rate",0.623457340935185,FALSE,11017,"nw1_s1",300,TRUE,NA,11,"nw1_sweep_s1","signal_sweep",1,17
"calibration",0.0361635611362986,TRUE,11017,"nw1_s1",300,TRUE,NA,11,"nw1_sweep_s1","signal_sweep",1,17
"high_low",0.0294637101444193,TRUE,11017,"nw1_s1",300,TRUE,NA,11,"nw1_sweep_s1","signal_sweep",1,17
"oob_2sided",0.066780993460583,FALSE,11017,"nw1_s1",300,TRUE,NA,11,"nw1_sweep_s1","signal_sweep",1,17
"oob_1sided",0.0333904967302915,TRUE,11017,"nw1_s1",300,TRUE,NA,11,"nw1_sweep_s1","signal_sweep",1,17
"seq_rate",0.719877816659068,FALSE,11018,"nw1_s1",300,TRUE,NA,11,"nw1_sweep_s1","signal_sweep",1,18
"calibration",0.835530157919098,FALSE,11018,"nw1_s1",300,TRUE,NA,11,"nw1_sweep_s1","signal_sweep",1,18
"high_low",0.6691632636537,FALSE,11018,"nw1_s1",300,TRUE,NA,11,"nw1_sweep_s1","signal_sweep",1,18
"oob_2sided",0.61599599502338,FALSE,11018,"nw1_s1",300,TRUE,NA,11,"nw1_sweep_s1","signal_sweep",1,18
"oob_1sided",0.69200200248831,FALSE,11018,"nw1_s1",300,TRUE,NA,11,"nw1_sweep_s1","signal_sweep",1,18
"seq_rate",0.0211463477773108,TRUE,11019,"nw1_s1",300,TRUE,NA,11,"nw1_sweep_s1","signal_sweep",1,19
"calibration",0.0538588594792287,FALSE,11019,"nw1_s1",300,TRUE,NA,11,"nw1_sweep_s1","signal_sweep",1,19
"high_low",0.00652669764287032,TRUE,11019,"nw1_s1",300,TRUE,NA,11,"nw1_sweep_s1","signal_sweep",1,19
"oob_2sided",0.0376325165352102,TRUE,11019,"nw1_s1",300,TRUE,NA,11,"nw1_sweep_s1","signal_sweep",1,19
"oob_1sided",0.0188162582676051,TRUE,11019,"nw1_s1",300,TRUE,NA,11,"nw1_sweep_s1","signal_sweep",1,19
"seq_rate",0.108025591547268,FALSE,11020,"nw1_s1",300,TRUE,NA,11,"nw1_sweep_s1","signal_sweep",1,20
"calibration",4.75433990870248e-05,TRUE,11020,"nw1_s1",300,TRUE,NA,11,"nw1_sweep_s1","signal_sweep",1,20
"high_low",3.68403374584081e-06,TRUE,11020,"nw1_s1",300,TRUE,NA,11,"nw1_sweep_s1","signal_sweep",1,20
"oob_2sided",0.000374197975660444,TRUE,11020,"nw1_s1",300,TRUE,NA,11,"nw1_sweep_s1","signal_sweep",1,20
"oob_1sided",0.000187098987830222,TRUE,11020,"nw1_s1",300,TRUE,NA,11,"nw1_sweep_s1","signal_sweep",1,20
